Workbook

Sheet 00_사용안내
B2: ESG 핵심지표 채점 기준표
B3: K-ESG 가이드라인 v2.0 기반 통합 채점 도구
B5: 1. 목적
B6: 기업의 ESG 현황을 공식 가이드라인 기준으로 정량 진단·채점하고, KSSB 공시기준 대비 GAP을 분석하는 컨설팅용 도구입니다.
B8: 2. 적용 기준 (공식 출처)
B9: · 기본 69 + 추가 16개(85개) 배점: K-ESG 가이드라인 v2.0 (산업통상자원부·한국생산성본부, 2024.12)
B10: · 반도체 특화 6개: 업종별 K-ESG 가이드라인(반도체, 2023.12) — v2.0 기본체계에 보완지표로 적용
B11: · 지배구조 세부지표(129개, 03번 시트): 한국거래소 기업지배구조보고서 가이드라인(2025.2 개정본)
B12: · 공시 GAP 분석(04번 시트): KSSB(한국회계기준원 산하) 지속가능성 공시기준서 제1호·제2호(2026.2.26 최종 제정)
B14: 3. 점수 체계
B15: · 채점 유형 구성: 단계형·선택형 74개 / 복합가중형 11개 / 감점형 6개 (총 91개)
B16: · 단계형/선택형: 단계 수에 따라 0~100점 균등 배분 (원문 그대로)
... B33: 문서 구성: 00_사용안내 · 01_ESG통합진단마스터 · 02_점수산정참고표 · 03_지배구조세부점검(KRX) · 04_KSSB갭분석 · 05_요약대시보드

Sheet 01_ESG통합진단마스터
A1: f | B1: 분류코드 | C1: 적용구분 | D1: 영역 | E1: 범주 | F1: 진단항목명 | G1: 항목설명 | H1: 데이터원천(수집처) | I1: 데이터기간 | J1: 데이터범위 | K1: 데이터산식(정량화공식) | L1: 채점유형 | M1: 최대단계수 | N1: 배점구조 요약 | O1: 점검기준 상세(K-ESG v2.0 원문) | P1: KSSB 대응현황 | Q1: KSSB 참고근거 | R1: 기타 참고기준(GRI/SASB/TCFD/KCGS 등) | S1: 원본 출처파일 | T1: [입력]충족단계/요건수 | U1: [입력]위반유형1 | V1: [입력]위반유형2 | W1: [입력]위반유형3 | X1: 자사취득점수(0~100) | Y1: 개선 가이드 | Z1: 비고-채점모델-25년 | AA1: 비고 - 손채점 + AI채점 - 26년 | AB1: 시급성 29년 의무공시 대비 개선 착수해야 하는 시점 순 점수가 낮은 순서 X | AC1: 해결방안 | AD1: 실사 진단 질문 | AE1: 답변형식
A2: 1 | B2: P-1-1 | C2: 기본진단항목(v2.0) | D2: 정보공시 | E2: 정보공시 형식 | F2: ESG 정보공시 방식 | G2: 조직이 ESG 정보공시 동향에 맞추어 정보 수요자의 접근성을 고려한 ESG 정보공시 방식을 정립하고 있는지 점검 | ESG 정보를 종합한 온/오프라인 채널 운영 및 ESG 정보공시 외부 확산/전파 등 정보 접근성 향상 측면의 노력을 확인 | H2: 홈페이지, 지속가능경영보고서, 사업보고서, 기타간행물, 전자공시시스템 上 ‘자율공시’ | I2: 직전 회계연도 | J2: N/A | K2: N/A | L2: 단계형 | M2: 5 | N2: 단계형: 1단계=0점 / 2단계=25점 / 3단계=50점 / 4단계=75점 / 5단계=100점 | O2: 1단계 | 조직이 어떠한 방식으로든 ESG 정보를 공시하지 않는 경우 | 2단계 | 조직의 홈페이지, 지속가능경영보고서, 사업보고서, 기타 간행물 등에 ESG 정보를 분산하여 공시하고 있는 경우 | 3단계 | 조직의 홈페이지, 지속가능경영보고서, 사업보고서, 기타 간행물 등에 ESG 정보를 통합하여 공시하고 있는 경우 | 4단계 | ESG 정보를 통합한 조직의 홈페이지, 지속가능경영보고서, 사업보고서, 기타 간행물 등을 지정된 장소에 비치하거나, | 특정 URL에 담고 있는 경우 | 5단계 | ESG 정보를 통합한 조직의 홈페이지, 지속가능경영보고서, 사업보고서, 기타 간행물 등의 발행여부를 ‘전자공시시스템-자율공시’ | 사항으로 알리는 경우 | P2: 부분대응 | Q2: KSSB 제1호 문단 64~70(보고시기·장소), 21~24(연계된 정보) | R2: GRI 2-3 | S2: 1_2_0_업종별 K-ESG 가이드라인(v2.0) 진단항목 | T2: 4 | X2: =IF(T2="","",SUMPRODUCT(('02_점수산정참고표'!$A$2:$A$314=$B2)*('02_점수산정참고표'!$C$2:$C$314=T2)*'02_점수산정참고표'!$E$2:$E$314)) -> 75 | Y2: ESG 정보공시란 투자자를 비롯한 다양한 이해관계자의 의사결정 및 가치판단에 영향을 미칠 수 있는 환경, 사회, 지배구조와 관련된 정보를 공개적으로 널리 알리는 행위를 의미한다. 조직은 정기적으로 특정한 정보공시 창구(홈페이지, 사업보고서, 지속가능경영보고서, 기타 간행물 등)에 ESG 관련 정보를 종합적으로 수록하고 있으며, 해당 정보공시 창구를 통해 이해관계자 누구나 ESG 정보를 접근/열람할 수 있고, 정보공시 여부를 대내외에 알리는 행위를 한 경우 ESG 정보공시를 하였다고 정의한다. ESG 정보란 중대성 평가(Materiality Test) 결과에 따른 핵심이슈, 또는 조직의 사업운영 과정에서 지속적 관리가 필요한 ESG 이슈별로 ‘전략’, ‘조직’,… | Z2: [자동채점] | 근거충분성: 부분적 | 근거: [지배구조보고서] 12p. 당사는 정관 규정에 따라 금전, 주식 및 기타의 재산으로 이익의 배당을 할 수 있습니다. 당사는 주주와 이해관계인의 중장기적 이익 극대화를 전제로 회사의 이익을 주주에게 배당하고 있으며 사업확장을 위한 투자수요, 경기변동에 따른 적정수준의 운영자금확보, 과거 배당 실적, 영업실적을 포함한 요소를 감안하여 배당 규모를 결정하고 있습니다.(17번째 줄) → 기업지배구조보고서 및 사업보고서 등을 통해 ESG 관련 정보를 분산하여 공시하고 있으나, 이를 통합하여 관리하거나 전자공시시스템에 자율공시로 알리는 체계에 대한 구체적인 근거가 부족하여 2단계로 판단함. | 근거페이지: 사업보고서 261p / 지배구조보고서 3~4p, 8p, 10~12p, 17p, 19p, 21p, 27p, 37p, 44p | AA2: 지속가능경영 충분 / 4단계 / 75점 [판단근거] 기준상 통합 ESG 정보와 지정 장소·특정 URL이 있으면 4단계, 이를 DART 자율공시로 발행 사실까지 알리면 5단계다. DN은 ESG 경영·정책·정량데이터·검증 링크 등을 하나의 지속가능경영 웹페이지에 통합해 제공하고 특정 URL이 확인된다. [확인근거] DN오토모티브_통합 PDF p.1~3은 원본 ESG 페이지 URL과 ESG 정책·정량데이터를 함께 제시한다. [감점사유] 첨부 문서에서 ESG 정보 발행 자체를 DART 자율공시로 별도 알렸다는 직접 증빙은 확인되지 않아 5단계는 인정하지 않는다. [보완 필요 증빙] DART 자율공시 접수증·공시문, ESG 데이터/보고서 발행 공지. | AB2: 중기 | AC2: [현재 문제점] 통합 웹공시는 확보됐으나 DART를 이용한 외부 확산 증빙이 부족하다. [개선방향] 매년 ESG 데이터 또는 지속가능경영 자료 업데이트 시 DART 자율공시를 표준 절차에 포함한다. [필요 근거] DART 공시문·접수번호, 홈페이지 게시일 로그. | AD2: 홈페이지, 지속가능경영보고서, 사업보고서 등을 통해 ESG 정보를 통합하여 공시하고, 전자공시시스템(DART) 자율공시 등을 통해 정보 접근성을 확보하고 있습니까? | AE2: 단계(1~5)
A3: 2 | B3: P-1-2 | C3: 기본진단항목(v2.0) | D3: 정보공시 | E3: 정보공시 형식 | F3: ESG 정보공시 주기 | G3: 투자자, 고객 등 정보 수요자의 의사결정 및 가치판단에 필요한 최신 ESG 정보를 적시에 제공하고 있는지 점검 | 조직의 ESG 데이터 취합/분석/마감 기간을 고려하여 1년 단위로 ESG 정보공시 주기를 설정하고 있는지 확인 | H3: ESG 정보공시 일자, 지속가능경영보고서 발간 주기 | I3: 최근 4개년 회계연도 * 3개년 이하 데이터 보유 시 해당 데이터로 추세 산정 | J3: N/A | K3: N/A | L3: 단계형 | M3: 3 | N3: 단계형: 1단계=0점 / 2단계=50점 / 3단계=100점 | O3: 1단계 | ESG 정보공시 주기를 특정할 수 없거나, 명시하고 있지 않는 경우 | 2단계 | 2년 단위로 보고서 발간 및 ESG 정보를 공시하는 경우 | 3단계 | 1년 단위로 보고서 발간 및 ESG 정보를 공시하는 경우 | P3: 부분대응 | Q3: KSSB 제1호 문단 60~63(보고빈도) | R3: GRI 2-3 | S3: 1_2_0_업종별 K-ESG 가이드라인(v2.0) 진단항목 | T3: 1 | X3: =IF(T3="","",SUMPRODUCT(('02_점수산정참고표'!$A$2:$A$314=$B3)*('02_점수산정참고표'!$C$2:$C$314=T3)*'02_점수산정참고표'!$E$2:$E$314)) -> 0 | Y3: ESG 정보 수요자가 조직의 ESG 정보를 효과적으로 활용하기 위해서는, 조직이 ESG 정보를 주기적으로 공시하는 것이 중요하다. ESG 정보가 적시성을 확보하기 위해서는 ESG 정보공시 주기를 재무정보 공시주기와 동일하게 하거나, 재무정보 공시 이후 최대한 빠른 시기에 ESG 정보를 공시할 필요가 있다. 또한, ESG 정보 수요자에 상당한 영향력을 미칠 수 있는 정보는 이를 확인한 즉시 대외공시할 것을 권장한다. 조직은 ESG 정보공시 주기를 자율적으로 정할 수 있다. 일부 조직은 주요한 ESG 성과가 창출되는 시점마다 공시하기도 하며, 어떠한 조직은 ESG 정보공시에 따른 업무/비용 부담을 고려하여 격년 주기로 공시하기도 한다. 반면 ESG 정보공시 규제 및… | Z3: [자동채점] | 근거충분성: 불충분 | 근거: [지배구조보고서] 12p. 당사는 자산 2조원 미만인 코스피 상장사로 영문공시 의무화(2단계 '26~) 대상이 아니며, 이에 모든 공시는 국문으로 공시되고 외국인주주 및 외국인투자자를 위한 영문공시는 현재 제공하지 않고 있습니다.(17번째 줄) → 제공된 근거 자료 내에서 ESG 정보공시 주기를 1년 또는 2년 단위로 설정하여 정기적으로 공시한다는 명시적인 정책이나 보고서 발간 주기에 대한 언급이 확인되지 않아 1단계로 판단함. | 근거페이지: 사업보고서 189p, 261p, 272p / 지배구조보고서 3p, 5p, 8p, 12p, 17p, 19p, 30p, 32p, 43~44p | AA3: 부족 / 1단계 / 0점 [판단근거] 3단계는 1년 단위 공시, 2단계는 2년 단위이며 주기를 특정할 수 없으면 1단계다. [확인근거] 통합 ESG 자료에는 2023·2024·2025년 수치가 나란히 제공되지만, 이것만으로 “매년 공시한다”는 발간정책 또는 과거 연도별 실제 게시일을 입증하지는 못한다. [감점사유] 연속 3개년 데이터와 연 1회 공시 주기는 서로 다른 증빙이므로 보수적으로 주기 미특정 처리한다. [보완 필요 증빙] ESG 정보공시 정책, 연간 공시캘린더, 2024·2025·2026 게시일/발간이력 | AB3: 즉시 | AC3: [현재 문제점] 데이터는 연도별로 있으나 공시 주기가 제도화돼 있음을 보여주는 문서가 없다. [개선방향] ‘매 회계연도 종료 후 ○개월 내 연 1회 업데이트’ 원칙을 문서화하고 매년 동일 시기에 이행한다. [필요 근거] ESG 공시규정, 연간 캘린더, 연도별 게시 로그 | AD3: 지속가능경영보고서 발간 등을 포함한 ESG 정보공시 주기를 1년 단위로 설정하여 정기적으로 공시하고 있습니까? | AE3: 단계(1~3)
A4: 3 | B4: P-1-3 | C4: 기본진단항목(v2.0) | D4: 정보공시 | E4: 정보공시 형식 | F4: ESG 정보공시 범위 | G4: ESG 정보공시 제도화 움직임에 따라, 조직의 ESG 활동 및 성과를 충분히 대표하고 나타낼 수 있는 정보가 공시되고 있는지 점검 | 조직의 영향력과 통제력이 미치는 사업장(자회사 포함)의 ESG 정보가 최대한 공시되고 있는지 확인 | H4: 홈페이지, 지속가능경영보고서, 사업보고서, 전자공시시스템 上 ‘자율공시’ | I4: 직전 회계연도 | J4: 사업적 영향력 및 통제력을 행사하는 사업장 및 기타 연결실체 | K4: ESG 정보공시 범위 = ESG 정보공시에 포함된 사업장 등의 (매출액 등) / 전체 조직의 (매출액 등) | L4: 단계형 | M4: 5 | N4: 단계형: 1단계=0점 / 2단계=25점 / 3단계=50점 / 4단계=75점 / 5단계=100점 | O4: 1단계 | ESG 정보공시 범위를 특정할 수 없거나, 명시하고 있지 않는 경우 | 2단계 | 조직이 법적으로 직접 소유하고 있는 사업장(ex. 별도재무제표 기준)의 일부 또는 모든 ESG 정보를 공시하고 있는 경우 | 3단계 | 조직의 영향력과 통제력 범위에 있는 곳(자회사, 종속법인, 연결실체 등)의 일부 ESG 정보를 공시하고 있는 경우 | 4단계 | 조직의 영향력과 통제력 범위에 있는 곳(자회사, 종속법인, 연결실체 등)의 일부 ESG 정보를 공시하고 있는 경우. | 단, 조직의 영향력과 통제력 범위로 ESG 정보공시 범위를 확대한다는 계획을 제시하고 있는 경우 | 5단계 | 조직의 영향력과 통제력 범위에 있는 곳(자회사, 종속법인, 연결실체 등)의 모든 ESG 정보를 공시하고 있는 경우 | P4: 부분대응 | Q4: KSSB 제1호 문단 21~24(연계된 정보) | R4: GRI 2-2 | S4: 1_2_0_업종별 K-ESG 가이드라인(v2.0) 진단항목 | T4: 2 | X4: =IF(T4="","",SUMPRODUCT(('02_점수산정참고표'!$A$2:$A$314=$B4)*('02_점수산정참고표'!$C$2:$C$314=T4)*'02_점수산정참고표'!$E$2:$E$314)) -> 25 | Y4: 조직은 ESG 정보공시 전 어떠한 범위까지 성과관리를 할 것인지, 또는 성과관리가 가능한지 등 최대 범위를 설정해야 한다. ESG 개념을 조직의 재무적 정보를 기반으로 투자의사결정을 하는 자본시장에서 등장하였기 때문에, 장기적으로 ESG 성과관리 및 정보공시 최대범위는 ‘(연결)재무제표’에 포함되는 ‘재무정보’ 범위와 동일시하려는 논의가 진행될 것으로 예상된다. 따라서 조직은 아래의 ‘영향력’과 ‘통제력’이 행사되는 범위에서 발생하는 환경, 사회, 지배구조 관련 정보를 공시할 필요가 있다. (예를 들어, US GAAP, IFRS 회계지침에는 20% 이상 지분을 보유한 조직을 상당한 영향력이 행사되는 조직으로 간주한다.) 1) ESG 정보를 공시하는 조직이 직접적으로… | Z4: [자동채점] | 근거충분성: 불충분 | 근거: [지배구조보고서] 12p. 당사는 공시대상기간중 자회사의 감사보고서 제출(자회사의 주요경영사항)을 지연공시하여 불성실 공시 법인에 지정되었습니다.(13번째 줄) → 제공된 근거 자료 내에서 ESG 정보공시의 범위(연결실체 전체 포함 여부 등)를 명시하거나 관련 정책을 설명하는 내용이 확인되지 않아 1단계로 판단함. | 근거페이지: 사업보고서 16p, 46~47p, 49p, 54p, 72p, 90p, 146p, 249p, 261p, 286p / 지배구조보고서 12p, 19p | AA4: 충분 / 2단계 / 25점 [판단근거] 직접 소유 사업장의 일부·전부 ESG 정보는 2단계, 자회사·종속법인 등 통제범위의 일부 정보를 포함해야 3단계 이상이다. [확인근거] 통합자료 p.3은 공시 데이터가 VMS 양산 1공장·진주공장·BTS 울산 1공장을 기준으로 하며 일부 인원지표만 한국사업장 전체를 별도 각주 처리한다고 명시한다. 반면 사업보고서는 연결대상 종속회사가 24개라고 밝힌다. [감점사유] 환경·안전·인권 정책의 적용범위가 자회사까지 넓다는 사실은 확인되지만, 정책 적용범위와 실제 ESG 성과 데이터 공시범위는 동일하지 않으므로 3단계 이상으로 올리지 않는다. [보완 필요 증빙] 법인별 ESG Reporting Boundary Matrix, 연결 자회사 ESG 데이터, 범위확대 계획 - 연결 기준 23개 자회사 포함 - ESG정량데이터 공시 중 - ESG정보공시 범위 명시적 정의 X - 자회사 23개 중 몇 개의 ESG데이터가 공시되는지 명시 부재 - 해외 자회사 ESG정보 포함 여부 불명확X | AB4: 즉시 | AC4: [현재 문제점] 정책범위는 글로벌하지만 정량공시는 일부 국내사업장 중심이다. [개선방향] 연결재무제표 법인목록과 ESG 데이터 법인목록을 연결하고 우선 주요 종속회사부터 범위를 확대한다. [필요 근거] 연결법인-ESG 지표 매핑표, 자회사 데이터 제출서, 범위확대 로드맵. | AD4: 자회사 및 연결실체 등 조직의 영향력과 통제력이 미치는 사업장을 대상으로 ESG 정보공시 범위를 설정하고 이를 반영하여 공시하고 있습니까? | AE4: 단계(1~5)
A5: 4 | B5: P-2-1 | C5: 기본진단항목(v2.0) | D5: 정보공시 | E5: 정보공시 내용 | F5: ESG 핵심이슈 및 KPI | G5: 조직의 사업성과 및 환경/사회에 상당한 영향력을 미치는 핵심이슈를 명확히 정의하고, 이를 관리하기 위한 시스템 및 절차를 갖추고 있는지 확인 | 조직이 인식하고 관리하고 있는 핵심 ESG 이슈에 대한 조직의 정보공시 수준을 점검 | H5: 홈페이지, 지속가능경영보고서, 사업보고서, 전자공시시스템 上 ‘자율공시’ | I5: 직전 회계연도 | J5: N/A | K5: N/A | L5: 단계형 | M5: 5 | N5: 단계형: 1단계=0점 / 2단계=25점 / 3단계=50점 / 4단계=75점 / 5단계=100점 | O5: 1단계 | 중대성 평가 결과 또는 ESG 핵심이슈를 공시하고 있지 않은 경우 | 2단계 | 중대성 평가 결과와 핵심이슈를 명확히 정의하고 있는 경우 | 3단계 | 2단계 + 핵심이슈에 대해 조직이 관리하고 있는 성과지표를 설명하고 있는 경우 (예를 들어, 기후변화가 핵심이슈일 경우, 온실가스 배출량 데이터 제시) | 4단계 | 3단계 + 핵심이슈가 사업적/사회적 관점에서 중요한 사유를 설명하고 있는 경우 (예를 들어, 사업적/사회적 관점의 기회 요인과 리스크 요인 등) | 5단계 | 4단계 + 핵심이슈를 관리하기 위한 시스템 및 절차를 설명하고 있는 경우 (조직, 전략 및 계획, 고충처리체계, 활동 및 교육 등) | P5: 부분대응 | Q5: KSSB 제1호 문단 17~19(중요성 판단, 이중중대성 개념 미흡) | R5: GRI 3(중대성평가) | S5: 1_2_0_업종별 K-ESG 가이드라인(v2.0) 진단항목 | T5: 1 | X5: =IF(T5="","",SUMPRODUCT(('02_점수산정참고표'!$A$2:$A$314=$B5)*('02_점수산정참고표'!$C$2:$C$314=T5)*'02_점수산정참고표'!$E$2:$E$314)) -> 0 | Y5: 조직의 중요한 경제적, 환경적, 사회적 영향을 반영하는 측면 또는 이해관계자들의 평가와 의사결정에 실질적으로 영향을 미치는 측면을 모두 고려하여 보고서에서 다룰 가치가 있다고 판단되는 주제를 선정하는 과정을 거쳐야 한다. 이러한 이슈의 중대성을 판별하기 위한 방법으로는 일반적으로 ‘중대성 평가(Materiality Assessment)’ 또는 ‘이중 중대성 평가(Double Materiality Assessment)’가 있으며, 중대 측면을 정의하는 데 있어 조직이 참작해야 할 요인들은 다음과 같다. - 지속가능성에 영향, 위험, 기회 요소가 될 수 있는 항목(ex. 지구 온난화, 에이즈, 빈곤 등) 중 합리적 평가가 가능하고, 전문가나 해당 분야에 자격을 갖춘 전문… | Z5: [자동채점] | 근거충분성: 충분 | 근거: [지배구조보고서] 18p. 당사는 감사규정에 따라 리스크 관리체계를 마련하고 있지만, 모범규준에서 요구하는 수준의 명문화된 리스크 관리 정책 마련되어 있지는 않습니다.(5번째 줄) → 중대성 평가 결과나 ESG 핵심이슈를 정의하고 공시했다는 내용이 확인되지 않으므로 1단계에 해당합니다. | 근거페이지: 사업보고서 135p, 229p, 267~268p / 지배구조보고서 3p, 17~19p, 32p, 43~44p | AA5: 부족 / 1단계 / 0점 [판단근거] 2단계부터 중대성 평가 결과와 핵심이슈의 명확한 정의가 선행돼야 하며, 이후 KPI→중요성/위험·기회→관리 시스템 순으로 상향된다. [확인근거] DN 자료에는 온실가스, 안전, 인권, 공급망, 윤리 등 다수 정책·정량 KPI가 있으나 이를 중대성 평가를 통해 선별된 핵심 ESG 이슈라고 정의한 결과표는 확인되지 않는다. [감점사유] KPI가 많다는 것만으로 핵심이슈 선정 요건을 대체할 수 없고, 2단계 선행요건이 미충족이므로 후속 단계도 인정하지 않는다. [보완 필요 증빙] 중대성평가 방법론, Issue Universe, 이해관계자 평가결과, 핵심이슈 Matrix, 이슈별 KPI·리스크·기회·관리체계. - KPI 데이터(온실가스, 대기오염물질, 안전보건, 협력사 평가 등) 보유 - ESG 정책 수립 - 중대성 평가 실시 미명시 - 위험, 기회 요소 체계적 분석 미흡 - 이슈별 관리 시스템, 절차 설명 미흡 | AB5: 즉시 | AC5: [현재 문제점] ESG 활동은 많지만 “무엇이 DN의 핵심 이슈인지”를 선정한 연결논리가 없다. [개선방향] 연 1회 중대성평가를 시행하고 핵심이슈별 KPI·위험/기회·담당조직·목표를 묶어 공시한다. [필요 근거] 중대성평가 보고서, 경영진/이사회 승인자료, KPI 관리대장 | AD5: 중대성 평가를 통해 ESG 핵심이슈를 정의하고, 해당 이슈에 대한 성과지표(KPI), 중요 사유(위험·기회), 관리 시스템 및 절차를 공시하고 있습니까? | AE5: 단계(1~5)
A6: 5 | B6: P-3-1 | C6: 기본진단항목(v2.0) | D6: 정보공시 | E6: 정보공시 검증 | F6: ESG 정보공시 검증 | G6: 조직의 ESG 정보를 직접적으로 또는 가공하여 활용하는 이해관계자가 증가함에 따라, 조직이 대외공시하는 ESG 정보가 타당성/신뢰성/투명성을 확보하고 있는지 확인 | 조직이 대외공시하는 정보에 관해 제3자 기관으로부터 검증을 받는 경우, 해당 검증의견이 갖추어야 할 형식적 요건을 점검 | H6: ESG 정보 검증의견서, 지속가능경영보고서 검증의견서 | I6: 직전 회계연도 | J6: N/A | K6: N/A | L6: 선택형 | M6: 5 | N6: 선택형 (5가지 형식적 요건의 충족 개수에 따른 점수 부여) | 세부 배점 기준: 1개 이하 충족=0점 / 2개 충족 = 25점 / 3개 충족= 50점 / 4개 충족= 75점 / 5개 충족= 100점 | O6: 요건1 | 검증의견서에 검증기관(또는 검증인)이 명시되어 있는 경우 (또는, 검증기관이 License Number를 보유하고 있는 경우) | 요건2 | 검증의견서에 검증기관과의 독립성 성명이 포함되어 있는 경우 (즉, 검증기관과 검증받는 조직간 이해관계 상충이 없음을 선언한 경우) | 요건3 | 검증의견서에 검증표준(방법론)이 제시되어 있는 경우 (AA1000AS, ISAE3000, 또는 제3자 검증기관이 개발한 자체 검증표준 등) | 요건4 | 검증의견서에 ESG 정보 검증수준을 공개하고 있는 경우 (Type1/Type2, Moderate/High, 제한적/합리적 등) | 요건5 | 검증의견서에 제3자 검증기관이 검증한 정보공시 지표가 적시되어 있는 경우 (즉, 조직의 모든 ESG 정보 중 어떠한 정보를 검증하였는지 명시하는 경우) | P6: 완전대응 | Q6: KSSB 제1호 문단 50(3)(외부검증) | R6: GRI 2-5, AA1000AS, ISAE3000 | S6: 1_2_0_업종별 K-ESG 가이드라인(v2.0) 진단항목 | T6: 1 | X6: =IF(T6="","",SUMPRODUCT(('02_점수산정참고표'!$A$2:$A$314=$B6)*('02_점수산정참고표'!$C$2:$C$314=T6)*'02_점수산정참고표'!$E$2:$E$314)) -> 0 | Y6: 조직은 지속가능경영보고서 발간 등 ESG 정보공시 지표 및 기준을 자율적으로 선택할 수 있으며, ESG 정보가 갖추어야 할 신뢰성을 강제할 수 있는 법적/제도적 장치도 마련되어 있지 않은 상황이다. 따라서 ESG 정보 검증은 이러한 문제점을 개선하기 위한 조직의 의지이자 자율적 활동으로 조직이 공시하는 ESG 정보의 신뢰성을 확보하는 수단으로 인정받고 있다. ESG 정보 검증의 타당성과 신뢰성을 확인하기 위한 기준은 ‘검증기관의 적격성’, ‘검증기관과의 독립성’, ‘검증방법론의 합리성’, ‘검증수준의 명확성’, ‘검증지표의 구체성’으로 구분할 수 있다. 글로벌 시장에서 통용되는 ESG 검증표준에는 1) 지속가능경영 관련 국제표준 제정기관인… | Z6: [자동채점] | 근거충분성: 불충분 | 근거: ⚠️[출처 미확정, 검색 1위 후보로 대체] [지배구조보고서] 41p. 근거부족(줄 위치 특정 실패) → 제공된 근거 자료에는 ESG 정보공시에 대한 제3자 검증의견서나 관련 검증 요건(검증기관, 독립성, 표준, 수준, 지표 등)에 대한 언급이 전혀 없어 근거가 불충분합니다. | 근거페이지: 사업보고서 255p, 266p, 269p, 271p / 지배구조보고서 3p, 16~17p, 19p, 21p, 26p, 37~38p, 41~42p | AA6: 부족 / 0단계 / 0점 [판단근거] 검증의견서 자체에 ① 검증기관 ② 독립성 ③ 검증표준 ④ 검증수준 ⑤ 검증대상 지표가 있어야 하며 2개부터 25점이다. [확인근거] 통합자료 p.3은 ESG 데이터가 DN과 이해관계가 없는 제3자 BSI를 통해 검증됐다고 설명하고, p.9에는 ESG Data 3자 검증의견서 다운로드 경로가 존재한다. 다만 첨부 파일 안에는 검증의견서 원문 자체가 포함돼 있지 않다. [감점사유] 페이지 바깥 설명만으로 검증의견서 안에 5가지 형식이 실제 들어갔다고 단정하지 않는다. 넓게 보면 기관명·독립성 2개로 25점 해석이 가능하지만, 이번 검수에서는 ‘의견서 내 기재’라는 기준을 엄격 적용해 0점 잠정으로 둔다. [보완 필요 증빙] BSI 검증의견서 원본 PDF, 검증계약서, 검증대상 지표목록. - BSI서명 명시 - 검증의견서 4개 - 검증대상(양산1공장, 울산1공장, 진주공장 온실가스) - 독립성 선언, 검증표준, 검증수준, 검증대상 모두 명시 부재 - 온열가스만 검증(ESG 전체 지표 미흡) | AB6: 즉시 | AC6: [현재 문제점] 검증을 받았다는 사실은 있으나 이번 증빙패키지만으로 검증의견서의 형식요건을 검사할 수 없다. [개선방향] 매년 검증의견서 원문을 ESG 페이지와 증빙 폴더에 함께 보관하고 5개 형식요건을 계약단계에서 체크한다. [필요 근거] BSI 의견서, 표준·수준·Scope 명시 페이지. | AD6: 대외 공시하는 ESG 정보에 대해 검증기관 정보, 독립성 선언, 검증표준, 검증수준 및 검증 대상 지표 등 주요 요건을 포함한 제3자 검증의견서를 갖추고 있습니까? | AE6: 선택형(요건 충족 수)
A7: 6 | B7: E-1-1 | C7: 기본진단항목(v2.0) | D7: 환경 | E7: 환경경영 목표 | F7: 환경경영 목표 수립 | G7: 조직이 책임있는 환경경영을 수행하기 위한 방향성을 명확히 설정하고 효율적인 자원 배분이 이루어지고 있는지, 또한 조직이 외부에 미치는 환경 영향을 최소화하고 내부 환경성과를 향상시키기 위한 구체적인 계획이 마련되어 있는지 점검 | 조직이 수립한 환경 분야 단기/중장기 목표 구체성과 내재화 수준을 확인 | H7: 환경 분야 목표 수립 현황 | I7: 직전 회계연도 | J7: N/A | K7: N/A | L7: 단계형 | M7: 5 | N7: 단계형: 1단계=0점 / 2단계=25점 / 3단계=50점 / 4단계=75점 / 5단계=100점 | O7: 1단계 | 단기/중장기 성과목표, 또는 조직의 환경경영 방향성을 나타내는 환경경영 미션/비전/지향점이 없는 경우 | 2단계 | 환경경영 미션/비전/지향점만 제시하고 있는 경우 | 3단계 | 2단계 + 조직의 환경 분야 핵심이슈에 대한 단기 목표만 설정하고 있는 경우 | 4단계 | 3단계 + 중장기 목표까지 수립하고 있는 경우 | 5단계 | 4단계 + 중장기 목표 달성을 위한 과제와, 이행점검 지표를 마련한 경우 | P7: 부분대응 | Q7: KSSB 제2호 문단 33~36(목표) 준용 가능 | R7: GRI 2-27 | S7: 1_2_0_업종별 K-ESG 가이드라인(v2.0) 진단항목 | T7: 2 | X7: =IF(T7="","",SUMPRODUCT(('02_점수산정참고표'!$A$2:$A$314=$B7)*('02_점수산정참고표'!$C$2:$C$314=T7)*'02_점수산정참고표'!$E$2:$E$314)) -> 25 | Y7: 조직은 중대성 평가(Materiality Test)를 통해 조직의 사업운영 및 외부환경에 중요한 영향력을 행사하는 핵심이슈를 도출할 수 있다. 조직은 사업운영에 해당하는 모든 직/간접 환경규제를 관리해야 함과 동시에 사업성과와 연계된 핵심이슈에 대해서는 목표에 의한 성과관리가 필요하다. 조직이 수립할 수 있는 환경 분야 목표와 관련된 핵심이슈에는 아래와 같은 이슈가 해당된다. 에너지 사용량 절감 재생에너지 투자 확대 온실가스 배출량 감축 탄소중립 기술 개발 및 관련 투자활동 폐기물 발생량 저감 플라스틱 사용량 절감 재사용 용수 확대 원자재 효율적 투입 산림 및 토양 복원 생물다양성 증진 및 관련 투자활동 친환경 공급망 구축 대기/수질/토양 오염 감소 유해물질 감소… | Z7: [자동채점] | 근거충분성: 충분 | 근거: [지배구조보고서] 45p. 아울러 당사는 에너지 목표관리, 환경인증 획득, 환경법규 및 규정 요구사항을 준수하는 등 환경 윤리를 준수하기 위해 지속적으로 노력하고 있습니다.(6번째 줄) → 환경경영에 대한 의지와 노력은 언급되어 있으나, 구체적인 단기 또는 중장기 정량적 환경 목표가 제시되어 있지 않아 2단계에 해당합니다. | 근거페이지: 사업보고서 14p, 65p, 134~135p, 229p, 253p, 300~301p / 지배구조보고서 3p, 9~10p, 15p, 17p, 32p, 45p | AA7: 부분 / 2단계 / 25점 [환경경영 정책 참고] https://drive.google.com/file/d/1T892x8VAlipB1OQn1SwKEUW5kTEsnrhu/view?usp=drive_link [판단근거] 2단계에서 환경경영 미션·비전·지향점, 3단계에서 이에 더해 핵심 환경이슈의 단기 성과목표, 4단계에서 중장기 성과목표, 5단계에서 중장기 목표별 세부과제와 이행점검 지표를 요구한다. [확인근거] Excel AA7에는 정성적인 환경경영 방향이 확인되지만 단기 정량목표와 이행점검 지표를 찾지 못했다고 되어 있고, 한편 AA18에는 "NDC 기준으로 2030년까지 탄소배출량 35% 절감, 2050년까지 Net Zero"라는 정량적 중장기 목표가 적혀 있다. 따라서 AA7의 "구체적인 정량적 목표 없음"은 **"정량적 중장기 목표는 있으나 단기 성과목표 및 목표별 이행점검 지표 미확인"**으로 수정해야 한다. 회사 공식 EHS 페이지도 2030년 35% 감축과 2050 Net Zero를 명시하고 있어 이 수정이 타당하다. [감점사유] 2030·2050 목표만으로는 3단계의 "단기 목표"가 충족되지 않으며, 단계형 기준이 누적구조이므로 중장기 목표가 있어도 단기 목표가 빠지면 4단계를 바로 인정하기 어렵다. 또한 기준연도와 조직경계가 명확하지 않다. [보완필요증빙] 2026~2028년 단기 온실가스·에너지·용수·폐기물 목표표, 기준연도·대상 사업장·산정방식, 담당부서, 분기/연간 KPI 이행점검표와 경영진 보고자료가 필요하다. | AB7: 즉시 | AC7: [현재 문제점] 2030·2050 방향은 있으나 단기 목표와 목표별 관리지표가 연결되지 않은 점이다. [개선방향] K-ESG에서 요구하는 정량적 단기/중장기 목표, 이행점검 지표가 명확해야 함, 2026년을 포함한 연차별 환경 KPI를 정량화하고 2030 목표까지의 감축 경로를 역산하는 것이다. -> ex.5년 내 온실가스 배출 5% 감축, 벤치마킹 사 참고 [필요근거] 이사회 또는 경영회의 승인 목표표, 연도별 KPI 대장, 분기별 목표 대비 실적 보고서이다. | AD7: 구체적이고 단기/중장기 환경경영 정량 목표를 설정하고, 달성을 위한 과제 및 이행점검을 위한 지표를 정의하고 있습니까? | AE7: 단계(1~5)
A8: 7 | B8: E-1-2 | C8: 기본진단항목(v2.0) | D8: 환경 | E8: 환경경영 목표 | F8: 환경경영 추진체계 | G8: 조직이 환경성과 향상과 환경 개선 등의 경영활동으로 인한 환경영향 관리, 원부자재/에너지/폐기물 등의 효율적 관리, 국제사회 등 이해관계자의 환경영역 요구 대응을 위해 체계적으로 환경경영을 추진하고 있는지 점검 | 국내외 규격에서 제시하는 환경경영시스템 구성요건을 기준으로 조직이 이를 따르거나, 준용하여 환경경영 추진체계를 갖추고 있는지 확인 | H8: 환경경영시스템, 환경경영 정책, 환경경영 가이던스 | I8: 직전 회계연도 | J8: N/A | K8: N/A | L8: 선택형 | M8: 5 | N8: 선택형 (5가지 형식적 요건의 충족 개수에 따른 점수 부여) | 세부 배점 기준: 1개 이하 충족=0점 / 2개 충족 = 25점 / 3개 충족= 50점 / 4개 충족= 75점 / 5개 충족= 100점 | O8: 요건1 | 환경경영 추진을 위한 전사 거버넌스 체계를 구축하고 있는 경우 (전담조직, 실무협의회, 경영회의 및 내부점검체계 등) | 요건2 | 환경경영 추진을 위한 전사 전담조직을 운영하고 있는 경우 (전사 환경경영 기획, 점검, 성과관리 등 실행업무 담당) | 요건3 | 환경경영 과제 실행에 필요한 자원을 투입하고 있는 경우 (환경투자 예산, 역량강화 교육, 내외부 전문인력 등) | 요건4 | 환경경영 추진 현황을 점검/분석/평가하는 시스템이 있는 경우 (IT기반 모니터링 시스템, 과제점검 회의, 제3자 의견수렴 등) | 요건5 | 환경경영 과제 이행현황이 경영진 포함 관련 구성원의 성과평가지표(KPIs)에 반영되어 있는 경우 | * 선택 항목의 합산값으로 평가 | P8: 부분대응 | Q8: KSSB 제2호 문단 6(거버넌스) 준용 가능 | R8: GRI 2-27, K-ESG | S8: 1_2_0_업종별 K-ESG 가이드라인(v2.0) 진단항목 | T8: 3 | X8: =IF(T8="","",SUMPRODUCT(('02_점수산정참고표'!$A$2:$A$314=$B8)*('02_점수산정참고표'!$C$2:$C$314=T8)*'02_점수산정참고표'!$E$2:$E$314)) -> 50 | Y8: 환경경영이란 조직의 사업운영 전 과정에 걸쳐 발생하는 환경영향을 최소화하면서 환경적으로 건전하고, 경제적으로 지속가능한 발전을 도모하고자 하는 경영활동이다. 조직의 환경경영 체계란 환경경영을 효과적으로 추진하기 위해 환경방침 개발, 이행, 달성, 검토 및 유지관리 할 수 있는 조직, 책임, 자원, 절차, 과정 및 성과관리 등을 종합적으로 구축한 것을 의미한다. 조직은 환경경영을 위해 아래와 같은 추진체계를 구축할 수 있으며, 해당 정보는 이해관계자와 공유할 필요가 있다. ; 1) 조직은 목표 달성과 관련된 제반업무를 관장하는 거버넌스 및 업무분장 체계를 구축해야 한다. 2) 목표 달성을 위한 추진과제와 실행계획을 수립해야 한다. 3) 목표 달성에 필요한 새로운… | Z8: [자동채점] | 근거충분성: 부분적 | 근거: [지배구조보고서] 17p. 아울러 당사는 에너지 목표관리, 환경인증 획득, 환경법규 및 규정 요구사항을 준수하는 등 환경 윤리를 준수하기 위해 지속적으로 노력하고 있습니다.(5번째 줄) → 환경경영을 위한 환경인증 획득 및 에너지 목표관리 등 환경 윤리 준수를 위해 노력하고 있다는 서술이 존재하여 1단계 요건인 환경경영 추진체계 구축을 충족하는 것으로 판단되나, 전담조직 운영, 자원 투입, 성과평가 반영 등 구체적인 체계에 대한 근거는 부족함. | 근거페이지: 사업보고서 142p, 240p, 301p / 지배구조보고서 3p, 17~18p, 27p, 32p, 45p | AA8: 부분 / 3개 충족 / 50점 [환경경영 정책 참고] 요건 1,3,4 충족 / 2,5 부분적 -> 거버넌스, 자원 투입, 모니터링 시스템은 구축되어 있으나, 경영진 KPI 반영이 명확하지 않음 거버넌스 체계 - ISO 14001 인증 유지: 국제 표준 환경경영시스템 구축 - 산업안전보건위원회 실시: 1회/분기 (환경경영 거버넌스 포함) - 노사협의회 실시: 1회/분기 및 고충처리반 운영을 통한 근로 환경 개선 자원 투입 - 환경투자: 고효율설비 설치, 환경 영향 평가 기준 설립, 대기 오염 방지 시설 설치 - 인력: 사내 환경 관리 및 화학물질·폐기물 관리 전담 인력 모니터링 및 점검 - 정기 모니터링: - 수질환경측정 (1회/분기) - 폐수 누출 훈련 정기 실시 - 에너지 사용, 용수 사용, 폐기물 배출량 년간 관리 [판단근거] O8은 전사 환경경영 거버넌스, 전담조직, 자원 투입, 점검·분석·평가 시스템, 경영진을 포함한 구성원의 KPI 반영 등 5가지를 평가하며 3개 충족 시 50점이다. [확인근거] AA8에는 "ISO 14001 인증 유지", "고효율설비 설치", "환경 영향 평가 기준 설립", "대기 오염 방지 시설 설치", "수질환경측정 1회/분기", "에너지 사용·용수 사용·폐기물 배출량 연간 관리"가 적혀 있어 거버넌스/관리체계, 자원 투입, 모니터링 체계는 인정 가능하다. 공식 홈페이지 역시 양산 1공장·울산 1공장의 ISO 14001 인증과 환경시설 투자, 내부기준 수립을 공개한다. [감점사유] T8에는 1개 요건으로 입력돼 있지만 AA8 자체는 3개 요건을 충족한다고 평가해 내부 불일치가 있다. 반면 "산업안전보건위원회"와 "노사협의회"만으로 환경경영 거버넌스를 완전히 입증하는 데에는 해석 위험이 있으며, 회사 차원의 독립적인 환경전담조직과 기후·환경 KPI의 보상·평가 연계는 확인되지 않는다. [보완필요증빙] 환경경영 조직도, 환경담당 조직의 R&R, 예산·CAPEX 내역, 환경 KPI 정의서, 임원·조직장 평가표, 환경실적 경영진 보고자료가 필요하다. | AB8: 중기 | AC8: [현재 문제점] 환경설비와 측정활동은 존재하지만 전사 환경 거버넌스와 개인·조직 KPI로 연결되는 구조가 불명확한 점이다. [개선방향] 환경총괄 책임자, 전담부서, 부서별 KPI와 경영진 보고체계를 하나의 환경경영 운영규정으로 통합하는 것이다. -> 환경 KPI 반영이 명확해야 함, 환경 KPI의 임직원 성과평가 반영 강화 및 공시 [필요근거] 조직도, 업무분장표, KPI 평가표, 환경위원회 또는 경영회의 회의록과 환경예산 집행내역이다. | AD8: 체계적인 환경경영 추진을 위해 전사 거버넌스 구축, 전담조직 운영, 자원 및 역량 투입, 이행현황 점검 시스템 구축, 경영진 및 구성원의 성과평가지표(KPIs) 반영 체계를 갖추고 있습니까? | AE8: 선택형(요건 충족 수)
A9: 8 | B9: E-3-1 | C9: 기본진단항목(v2.0) | D9: 환경 | E9: 온실가스 | F9: 온실가스 배출량 (Scope1 & Scope2) | G9: 조직이 소유, 관리, 통제하는 물리적 경계(사업장 등) 내에서 에너지 사용으로 인해 발생하는 온실가스 배출(Scope1 & Scope2)을 감축하고 있는지 점검 | 조직간 규모 차이(매출액, 생산량 등) 또는 사업 변동(구조조정, 인수합병 등)을 고려하여 상대적 비교가능성이 높은 ‘원단위’ 개념을 기반으로 온실가스 배출량을 확인 | H9: ‘전자공시시스템’ 上 사업보고서, ‘조직별 홈페이지’ 上 지속가능경영보고서, ‘국가온실가스종합관리 시스템’ 上 명세서배출량통계 | I9: 최근 4개년 회계연도 * 3개년 이하 데이터 보유 시 해당 데이터로 추세 산정 | J9: 국내외 사업장 및 기타 연결실체 | K9: 원단위 온실가스 배출량 = 총 온실가스 배출량 / 매출액(또는 생산량) | L9: 단계형 | M9: 3 | N9: 단계형: 1단계=0점 / 2단계=50점 / 3단계=100점 | O9: 1단계 | 지난 4개년 원단위 온실가스 배출량 증가 추세 | 2단계 | 지난 4개년 원단위 온실가스 배출량 변동 없음 | 3단계 | 지난 4개년 원단위 온실가스 배출량 감소 추세 | * 원단위 온실가스 배출량을 관리하고 있지 않은 경우 0점 적용 | * 국내 및 해외 모든 사업장이 ‘탄소중립’ 또는 ‘탄소제로’를 달성한 경우 100점 적용 | * 3개년 이하 데이터 보유 시 해당 데이터로 추세 산정 | * '유지 추세'로 판단할 경우 2단계로 적용하여 평가 | * (추세) 일정 기간 정량적 자료의 변동 방향성을 의미하며, 본 가이드라인에서는 4개년 데이터의 연평균 성장률(CAGR)을 추세로 정의 | * (원단위(per unit)) 어떤 제품/용역 1단위 생산을 위해 투입된 재화(자본, 시간, 에너지 등) 혹은 배출량을 측정하는 개념. 기업 간 규모를 고려하여 비교 가능성을 확보하기 위한 목적으로 활용 | P9: 완전대응 | Q9: KSSB 제2호 문단 29(1) — Scope1·2 배출량 | R9: GHG Protocol, GRI 305-1,2 | S9: 1_2_0_업종별 K-ESG 가이드라인(v2.0) 진단항목 | T9: 3 | X9: =IF(T9="","",SUMPRODUCT(('02_점수산정참고표'!$A$2:$A$314=$B9)*('02_점수산정참고표'!$C$2:$C$314=T9)*'02_점수산정참고표'!$E$2:$E$314)) -> 100 | Y9: Scope1 온실가스 배출량 산정방법 = ∑[고정연소, 이동연소, 공정배출, 탈루배출, 폐기물처리]  Scope2 온실가스 배출량 산정방법 = ∑[구매전기, 구매 열(온수, 스팀 등)] | 조직의 온실가스 배출량이 산업 내 어떠한 수준에 있는지 점검하는 방식에는 1) ‘온실가스 배출권의할당및거래에관한법률’ 등에 따른 할당량 대비, 2) ‘온실가스·에너지 목표관리제’에 따른 목표값 대비, 3) 조직의 과거년도 배출량을 기반으로 수립한 목표 대비, 4) 조직이 자체적으로 수립한 목표(SBTi* 등) 대비, 5) 조직이 벤치마킹하는 경쟁조직 대비 비교하는 방식 등이 있다. * Science Based Target Initiative : 조직의 과거년도 배출량이나, 국가별… | Z9: [자동채점] | 근거충분성: 충분 | 근거: [사업보고서] 301p. 제54기 직접배출(Scope1) 2,598.286, 간접배출(Scope2) 31,170.395 / 제53기 직접배출(Scope1) 3,545.624, 간접배출(Scope2) 28,024.755 / 제52기 직접배출(Scope1) 5,674.626, 간접배출(Scope2) 31,188.378 / 제51기 직접배출(Scope1) 3,654.116, 간접배출(Scope2) 19,130.372(표 4번째 행, 숫자 매칭) → 제54기 매출액(1,100,669,248천원) 대비 온실가스 배출량과 과거 연도 데이터를 비교 시, 배출량의 변동폭이 크고 원단위 배출량이 전반적으로 감소 추세로 보기 어려워 1단계로 판단함. | 근거페이지: 사업보고서 13p, 25~28p, 33p, 151p, 267p, 269p, 292p, 300~301p, 307p / 지배구조보고서 3p, 8p, 10p, 17p, 38p | AA9: 직접계산 / 감소 추세 / 3단계 / 100점 [홈페이지 공개 자료] - 2023~2025 https://drive.google.com/file/d/1sbXOoqD2wtmpGBb11NVWCzH5u6ikdsu9/view?usp=drive_link - 공개된 원단위 데이터가 없어 산식으로 계산. - 온실가스 배출량(VMS+BTS) / 생산실적(부품+배터리) - 온실가스 배출량 (30,002 -> 33,805 -> 33,464) - 원단위 계산 결과 (64.5 -> 61.1 -> 58.2) [보완필요증빙] 국내외 전 사업장 Scope 1·2 인벤토리, 법인별 활동자료, 연결범위 reconciliation, 배출계수·GWP 적용기준, 매출 또는 생산량 분모의 조직경계 일치표, 제3자 검증의견서가 필요하다. | AB9: 즉시 | AC9: [현재 문제점] 감소 추세는 확인되나 공시범위가 국내 3개 공장 중심이라는 점이다. [개선방향] 2026년부터 모든 연결법인을 대상으로 Scope 1·2 인벤토리를 단계적으로 통합하고 동일한 매출/생산 경계로 집약도를 산정하는 것이다. 2025년 데이터는 온실가스배출량 3자 검증(BSI)은 현상태유지 + scope3은 방향성 언급으로 [필요근거] 법인별 에너지 사용자료, 온실가스 산정 workbook, 연결경계 명세서, 배출계수 출처와 제3자 검증자료이다. | AD9: Scope 1 및 Scope 2 원단위 온실가스 배출량을 산정하고, 이에 대한 증감 현황을 점검·관리하고 있습니까? | AE9: 단계(1~3)
A10: 9 | B10: E-3-3 | C10: 기본진단항목(v2.0) | D10: 환경 | E10: 온실가스 | F10: 온실가스 배출량 검증 | G10: 온실가스 배출권 거래제, 온실가스 목표관리제, 기타 온실가스 정보를 기반으로 의사결정하는 이해관계자가 증가함에 따라, 조직이 대외공시하는 온실가스 배출량 데이터가 타당성/신뢰성/투명성을 확보하고 있는지 확인 | 조직의 온실가스 배출량 데이터에 관해 제3자 기관으로부터 검증을 받는 경우, 해당 검증의견이 갖추어야 할 형식적 요건을 점검 | H10: 온실가스 배출량 검증의견서 | I10: 직전 회계연도 | J10: N/A | K10: N/A | L10: 선택형 | M10: 5 | N10: 선택형 (5가지 형식적 요건의 충족 개수에 따른 점수 부여) | 세부 배점 기준: 1개 이하 충족=0점 / 2개 충족 = 25점 / 3개 충족= 50점 / 4개 충족= 75점 / 5개 충족= 100점 | O10: 요건1 | 검증의견서에 검증기관(또는 검증인)이 명시되어 있는 경우 (또는, 검증기관이 License Number를 갖추고 있는 경우) | 요건2 | 검증의견서에 검증표준(방법론)이 제시되어 있는 경우 (온실가스 배출권거래제의 배출량 보고 및 인증에 관한 지침, GHG Protocol, ISO14064-1 등) | 요건3 | 검증의견서에 ESG 정보 검증수준을 공개하고 있는 경우 (전체/일부 데이터 검증, 제한적/합리적 보증 등) | 요건4 | 제3자 검증기관이 검증한 온실가스 배출량 검증 범위가 적시되어 있는 경우 (즉, 조직의 사업장 중 온실가스 배출량을 검증받은 사업장 및 지역 등) | 요건5 | 조직의 온실가스 관리에 관한 제3자 검증기관 의견이 명시되어 있는 경우 (온실가스 관리 시스템 개선, 향후 검증값의 변동가능성 등) | P10: 완전대응 | Q10: KSSB 제1호 문단 50(3)(검증) | R10: GRI 305 | S10: 1_2_0_업종별 K-ESG 가이드라인(v2.0) 진단항목 | T10: 2 | X10: =IF(T10="","",SUMPRODUCT(('02_점수산정참고표'!$A$2:$A$314=$B10)*('02_점수산정참고표'!$C$2:$C$314=T10)*'02_점수산정참고표'!$E$2:$E$314)) -> 25 | Y10: ｢기후위기 대응을 위한 탄소중립·녹색성장 기본법｣에 따라 국가 온실가스 감축 목표(2030년의 국가 온실가스 총배출량을 2018년의 온실가스 총배출량의 40%만큼 감축)를 달성할 수 있도록 일정 수준 이상의 온실가스를 배출하고 에너지를 소비하는 업체 및 사업장은 관리업체로 지정되며, 해당 기업은 온실가스 감축목표, 에너지 절약목표를 설정하고 관리할 의무가 있다. 2023년 12월 14일 환경부 온실가스종합정보센터의 관리업체 고시 기준 온실가스·에너지 목표관리 대상은 총 331개로 관장기관별로 국토교통부 86개, 산업통상자원부 172개, 농림축산식품부 35개, 해양수산부 15개, 환경부 23개이며, 관리업체에 대한 선정기준은 최근 3년간 연평균 온실가스 배출총량을… | Z10: 25년 기준 단계 1충족 (점수0) [자동채점] | 근거충분성: 부분적 | 근거: [사업보고서] 300p. 외부기관에 의뢰하여 연 1회 온실가스 배출량 및 에너지 사용량을 측정하고 있으며(17번째 줄) → 외부기관에 의뢰하여 측정을 수행하고 있다는 언급은 있으나, 검증의견서의 형식적 요건(검증표준, 검증수준, 검증범위, 검증의견 등)에 대한 구체적인 정보가 제시되지 않아 1단계 요건만 충족함. | 근거페이지: 사업보고서 25p, 149p, 255p, 266p, 269p, 278p, 300~301p / 지배구조보고서 3p, 16p, 18p, 26p, 37p, 42p | AA10: 부분 / 2단계 / 25점 요건 1,4 충족 / 2,3,5 부분적 -> 거버넌스, 자원 투입, 모니터링 시스템은 구축되어 있으나, 경영진 KPI 반영이 명확하지 않음 온실가스 배출량 3자 검증의견서 있음(3곳, 양산/울산/진주) https://drive.google.com/file/d/1iQNVOvIEADyejTiLgIBKIwHVANz3Ni8J/view?usp=drive_link - 양산(VMS, TUBE) - 진주(VMS) - 울산(BTS) 요건1: 검증기관 명시 요건2: 검증표준(방법론) 제시 (정확한 명시 부족) -> 추정 가능, 보고서 정확히 명시 X 요건3: 검증수준 공개 (제한적/합리적 보증 구분 불명확) 요건4: 검증 범위 적시 (사업장별 구분 필요) - O 요건5: 온실가스 관리에 관한 제3자 의견 (의견서 상세 내용 미공시) 검증의견서 정보 - 검증기관: BSI - 검증표준: GHG Protocol 또는 ISO14064-1 준용으로 추정되나, 보고서에 명확히 명시되지 않음 - 검증 범위: VMS사업부 양산 1공장, 진주공장 / BTS 사업부 울산 1공장 (사업장별 구분) - 검증 시기: 2025년 데이터는 온실가스배출량 3자 검증 완료 [보완필요증빙] BSI 검증의견서 원문, 적용 검증기준, 중요성 기준, assurance level, 검증 대상 기간·사업장·Scope, 검증결론 및 발견사항을 공시자료에 포함해야 한다. | AB10: 중기 | AC10: [현재 문제점] 제3자 검증을 받고 있음에도 검증의 품질을 판단할 정보가 공시되지 않는 점이다. [개선방향] BSI 검증의견서에 기준·수준·범위·결론을 표준 항목으로 포함하고 이를 ESG 공시와 함께 공개하는 것이다. 검증기관과 검증 범위는 현재처럼 명시,검증표준, 검증수준, 제3자 의견이 보고서에서 충분히 공시할 것. [필요근거] 독립 검증의견서 원문, 검증계약서, 검증 Scope 문서, 시정조치 결과서이다. | AD10: 대외 공시하는 온실가스 배출량 데이터에 대해 검증기관 정보, 검증표준, 검증수준, 검증 범위 및 검증의견 등 주요 요건을 포함한 제3자 검증의견서를 갖추고 있습니까? | AE10: 선택형(요건 충족 수)
A11: 10 | B11: E-4-1 | C11: 기본진단항목(v2.0) | D11: 환경 | E11: 에너지 | F11: 에너지 사용량 | G11: 조직이 소유, 관리, 통제하는 물리적 경계(사업장 등) 내에서 직접 생산하거나, 외부로부터 구매하는 에너지 사용 총량을 절감하고 있는지 점검 | 조직간 규모 차이(매출액, 생산량 등) 또는 각 조직의 사업 변동(구조조정, 인수합병 등)을 고려하여 상대적으로 비교가 용이한 단위 당 개념의 ‘원단위’를 기반으로 에너지 사용량을 확인 | H11: ‘전자공시시스템’ 上 사업보고서, ‘조직별 홈페이지’ 上 지속가능경영보고서, ‘한국에너지공단 홈페이지’ 上 산업부문 에너지 사용 및 온실가스 배출량 통계 | I11: 최근 4개년 회계연도 * 3개년 이하 데이터 보유 시 해당 데이터로 추세 산정 | J11: 국내외 사업장 및 기타 연결실체 | K11: 원단위 에너지 사용량 = 총 에너지 사용량 / 매출액(또는 생산량) | L11: 단계형 | M11: 3 | N11: 단계형: 1단계=0점 / 2단계=50점 / 3단계=100점 | O11: 1단계 | 지난 4개년 원단위 에너지 사용량이 증가 추세 | 2단계 | 지난 4개년 원단위 에너지 사용량이 변동 없음 | 3단계 | 지난 4개년 원단위 에너지 사용량이 감소 추세 | * 원단위 에너지 사용량을 관리하지 않고 있는 경우 0점 적용 | * 3개년 이하 데이터 보유 시 해당 데이터로 추세 산정 | * '유지 추세'로 판단할 경우 2단계로 적용하여 평가 | * (추세) 일정 기간 정량적 자료의 변동 방향성을 의미하며, 본 가이드라인에서는 4개년 데이터의 연평균 성장률(CAGR)을 추세로 정의 | * (원단위(per unit)) 어떤 제품/용역 1단위 생산을 위해 투입된 재화(자본, 시간, 에너지 등) 혹은 배출량을 측정하는 개념. 기업 간 규모를 고려하여 비교 가능성을 확보하기 위한 목적으로 활용 | P11: 부분대응 | Q11: KSSB 제2호 문단 29 부속 에너지 사용 관련 준용 | R11: GRI 302-1 | S11: 1_2_0_업종별 K-ESG 가이드라인(v2.0) 진단항목 | T11: 3 | X11: =IF(T11="","",SUMPRODUCT(('02_점수산정참고표'!$A$2:$A$314=$B11)*('02_점수산정참고표'!$C$2:$C$314=T11)*'02_점수산정참고표'!$E$2:$E$314)) -> 100 | Y11: 에너지 사용량 = ‘조직에서 직접 사용한 화석연료’ + ‘조직에서 직접 사용한 재생연료’ + ‘외부로부터 구매한 전기, 열 등’ + ‘조직에서 생산한 전기, 열(스팀) 등’ - ‘조직에서 사용하지 않고 외부로 판매한 전기, 열 등’ (고체, 기체, 액체 연료) 에너지 사용량 환산방법 = 연료 사용량 × 총발열량 (전기) 에너지 사용량 환산방법 = 전력사용량 × 발열량(소비) 조직의 에너지 사용량이 산업 내 어떠한 수준에 있는지 점검하는 방식에는 1) ‘온실가스 배출권의할당및거래에관한법률’ 등에 따른 할당량 대비 비교, 2) ‘온실가스·에너지 목표관리제’에 따른 목표 대비 비교, 3) 조직의 과거년도 배출량을 기반으로 설정한 목표 대비 비교, 4) RE100… | Z11: [자동채점] | 근거충분성: 충분 | 근거: [사업보고서] 258p. 제54기 연간 에너지사용량(TJ) 687.511, 제53기 632.933, 제52기 618.881, 제51기 471.479(11번째 줄) → 제54기부터 제51기까지 4개년 에너지 사용량 총합이 지속적으로 증가하고 있으며, 매출액 대비 원단위 에너지 사용량 또한 증가 추세에 있어 1단계에 해당합니다. | 근거페이지: 사업보고서 25~28p, 151p, 228p, 258p, 269p, 282p, 292p, 300~301p, 307p / 지배구조보고서 8p, 17p, 45p | AA11: 직접 계산 / 감소 추세 / 3단계 / 100점 [홈페이지 공개 자료] - 2023~2025 https://drive.google.com/file/d/1sbXOoqD2wtmpGBb11NVWCzH5u6ikdsu9/view?usp=drive_link - 공개된 원단위 데이터가 없어 산식으로 계산. - 총 에너지 사용량 / 매출액 - 에너지 사용량 (611.8TJ -> 688TJ -> 681.8TJ) - 원단위 계산 결과 (0.394TJ -> 0.357TJ -> 0.389TJ) [보완필요증빙] 사업장별 전기·연료 사용량, 재생/비재생 에너지 구분, 매출 또는 생산량과 환경데이터 경계 일치표, 전사 연결기준 에너지 집약도 산식, 에너지 절감 프로젝트 실적이 필요하다. | AB11: 즉시 | AC11: [현재 문제점] 공개된 에너지 집약도는 개선되고 있으나 전사 연결범위와 자체 계산 원단위가 일치하지 않는 점이다. [개선방향] 가이드라인이 허용하는 대체 비교방식(온실가스·에너지 목표 대비, RE100 목표 대비, 벤치마킹 기업 대비)을 병행 공시해 단일 지표 변동 리스크를 보완한다. [필요 근거] 4개년 연속 원단위 데이터, 사업장별 utility 명세, 에너지 데이터 원장, 매출 경계 reconciliation과 연간 절감 프로젝트 효과 산정표필요 | AD11: 원단위 에너지 사용량을 산정하고, 이에 대한 증감 현황을 점검·관리하고 있습니까? | AE11: 단계(1~3)
A12: 11 | B12: E-5-1 | C12: 기본진단항목(v2.0) | D12: 환경 | E12: 용수 | F12: 용수 사용량 | G12: 조직이 용수를 공급받는 취수원을 보호하고 있는지, 또는 사업장이 위치한 지역의 수자원 고갈 리스크에 대비하고 있는지를 간접적으로 점검할 수 있는 항목으로써, 조직이 사용하는 용수 총량(신규 취수량, 내부 재사용량)을 효율적으로 관리하고 있는지 확인 | 조직간 규모 차이(매출액, 생산량 등) 또는 각 조직의 사업 변동(구조조정, 인수합병 등)을 고려하여 상대적 비교가능성이 높은 ‘원단위’ 개념을 기반으로 용수 사용량을 점검 | H12: ‘조직별 홈페이지’ 上 지속가능경영보고서, ‘한국에너지공단 물정보포털(My Water)’ 上 GIS 수자원 | I12: 최근 4개년 회계연도 * 3개년 이하 데이터 보유 시 해당 데이터로 추세 산정 | J12: 국내외 사업장 및 기타 연결실체 | K12: 원단위 용수 사용량 = 총 용수 사용량 / 매출액(또는 생산량) | L12: 단계형 | M12: 3 | N12: 단계형: 1단계=0점 / 2단계=50점 / 3단계=100점 | O12: 1단계 | 지난 4개년 원단위 용수 사용량이 증가 추세 | 2단계 | 지난 4개년 원단위 용수 사용량이 변동 없음 | 3단계 | 지난 4개년 원단위 용수 사용량이 감소 추세 | * 원단위 용수 사용량을 관리하고 있지 않은 경우 0점 적용 | * 3개년 이하 데이터 보유 시 해당 데이터로 추세 산정 | * '유지 추세'로 판단할 경우 2단계로 적용하여 평가 | * (추세) 일정 기간 정량적 자료의 변동 방향성을 의미하며, 본 가이드라인에서는 4개년 데이터의 연평균 성장률(CAGR)을 추세로 정의 | * (원단위(per unit)) 어떤 제품/용역 1단위 생산을 위해 투입된 재화(자본, 시간, 에너지 등) 혹은 배출량을 측정하는 개념. 기업 간 규모를 고려하여 비교 가능성을 확보하기 위한 목적으로 활용 | P12: GAP(대응지표 없음) | Q12: KSSB 제2호 직접 규정 없음(업종기반지표로만 요구 가능) | R12: GRI 303, CDSB 물 적용지침 | S12: 1_2_0_업종별 K-ESG 가이드라인(v2.0) 진단항목 | T12: 1 | X12: =IF(T12="","",SUMPRODUCT(('02_점수산정참고표'!$A$2:$A$314=$B12)*('02_점수산정참고표'!$C$2:$C$314=T12)*'02_점수산정참고표'!$E$2:$E$314)) -> 0 | Y12: UN의 환경경제 통합계정(System of Integrated Environmental and Economic Accounting, SEEA, 1993)에 따른 ‘용수 사용량’은 다음과 같이 정의할 수 있다. - 용수 사용량 = 환경에서 유입한 취수량 + 조직 내 재사용량 + 다른 조직에서 전달받은 폐수량 * 취수에 해당하는 경우 : 공업용수 外 표층수, 지하수, 토양수, 강우포집, 해양취수 용수 사용량은 산업분류, 사업특성, 생산규모에 따라 영향을 받는다. 따라서 조직의 용수 사용량이 산업 내 어떠한 수준에 있는지 점검하는 방식에는 1) 조직이 취수받는 수원별 공급능력 대비, 2) 조직의 사업장이 위치한 지역별 수자원 부존량 대비, 3) 조직의 과거년도 사용량… | Z12: [자동채점] | 근거충분성: 불충분 | 근거: [사업보고서] 300p. 당사는 온실가스, 에너지 관리업체 지정업체로 등록되었습니다. 외부기관에 의뢰하여 연 1회 온실가스 배출량 및 에너지 사용량을 측정하고 있으며, 각 분기별로는 당사 내부적으로 측정하고 있습니다.(16번째 줄) → 제시된 근거에는 온실가스와 에너지 사용량에 대한 측정 정보만 존재할 뿐, 용수 사용량에 대한 정량적 데이터가 전혀 포함되어 있지 않아 원단위 용수 사용량 추세를 확인할 수 없습니다. | 근거페이지: 사업보고서 13p, 25~28p, 151p, 228p, 258p, 265p, 269p, 282p, 292p, 300~301p, 307p / 지배구조보고서 3p, 8p | AA12: 직접 계산 / 증가 추세 / 1단계 / 0점 [홈페이지 공개 자료] - 2023~2025 https://drive.google.com/file/d/1sbXOoqD2wtmpGBb11NVWCzH5u6ikdsu9/view?usp=drive_link - 공개된 원단위 데이터가 없어 산식으로 계산. - 총 용수 사용량 / 매출액 - 용수 사용량 (75,077m^3 -> 98,031m^3 -> 108.840m^3) - 원단위 계산 결과 (48.3m^3 -> 50.9m^3 -> 62.1m^3) | AB12: 즉시 | AC12: [현재 문제점] 용수 사용 원단위와 절대 사용량이 동시에 상승한 점이다. [개선방향] 원단위 데이터 공개, BTS 등 사용량 증가 사업장을 우선 대상으로 공정별 물수지를 작성하고 재이용·순환수 확대와 사업장별 연간 감축목표를 설정하는 것이다. 이드라인이 허용하는 대체 비교방식(취수원 공급능력 대비, 지역 수자원 부존량 대비, 과거 목표 대비, 자체 절감목표 대비, 벤치마킹 대비) [필요근거] 공정별 water balance, 계량기 데이터, 재이용수 실적, 투자 전후 절감량과 연도별 용수 집약도 관리표 | AD12: 원단위 용수 사용량을 산정하고, 이에 대한 증감 현황을 점검·관리하고 있습니까? | AE12: 단계(1~3)
A13: 12 | B13: E-6-1 | C13: 기본진단항목(v2.0) | D13: 환경 | E13: 폐기물 | F13: 폐기물 배출량 | G13: 조직이 소유, 관리, 통제하는 물리적 경계(사업장 등) 내에서 사업 및 영업 활동(ex. 연구개발, 제품 생산/가공/포장 등 포함, 소비자가 사용 이후 폐기한 폐제품은 제외)에 따라 발생하는 폐기물을 저감하고 있는지 확인 | 조직간 규모 차이(매출액, 생산량 등) 또는 각 조직의 사업 변동(구조조정, 인수합병 등)을 고려하여 상대적 비교가능성 높은 ‘원단위’ 개념을 기반으로 폐기물 배출량을 점검 | H13: ‘조직별 홈페이지’ 上 지속가능경영보고서, ‘한국환경공단’>자원순환정보시스템>연도별 전국 폐기물 발생 및 처리현황 | I13: 최근 4개년 회계연도 * 3개년 이하 데이터 보유 시 해당 데이터로 추세 산정 | J13: 국내외 사업장 및 기타 연결실체 | K13: 원단위 폐기물 배출량 = 총 폐기물 배출량 / 매출액(또는 생산량) | L13: 단계형 | M13: 3 | N13: 단계형: 1단계=0점 / 2단계=50점 / 3단계=100점 | O13: 1단계 | 지난 4개년 원단위 폐기물 배출량이 증가 추세 | 2단계 | 지난 4개년 원단위 폐기물 배출량이 변동 없음 | 3단계 | 지난 4개년 원단위 폐기물 배출량이 감소 추세 | * 원단위 폐기물 배출량을 관리하지 않고 있는 경우 0점 적용 | * 3개년 이하 데이터 보유 시 해당 데이터로 추세 산정 | * '유지 추세'로 판단할 경우 2단계로 적용하여 평가 | * (추세) 일정 기간 정량적 자료의 변동 방향성을 의미하며, 본 가이드라인에서는 4개년 데이터의 연평균 성장률(CAGR)을 추세로 정의 | * (원단위(per unit)) 어떤 제품/용역 1단위 생산을 위해 투입된 재화(자본, 시간, 에너지 등) 혹은 배출량을 측정하는 개념. 기업 간 규모를 고려하여 비교 가능성을 확보하기 위한 목적으로 활용 | P13: GAP(대응지표 없음) | Q13: KSSB 제2호 직접 규정 없음(업종기반지표로만 요구 가능) | R13: GRI 306 | S13: 1_2_0_업종별 K-ESG 가이드라인(v2.0) 진단항목 | T13: 1 | X13: =IF(T13="","",SUMPRODUCT(('02_점수산정참고표'!$A$2:$A$314=$B13)*('02_점수산정참고표'!$C$2:$C$314=T13)*'02_점수산정참고표'!$E$2:$E$314)) -> 0 | Y13: 폐기물이란 쓰레기, 연소재, 오니, 폐유, 폐산, 폐알칼리 및 동물사체 등으로 사람의 생활이나 사업활동에 필요하지 않게 된 물질을 말하며, 조직에서 발생하는 폐기물의 종류는 ‘사업장배출시설계폐기물’, ‘사업장생활계폐기물’, ‘지정폐기물’, ‘건설폐기물’로 구분된다. - 조직이 배출하는 폐기물의 종류와 배출량은 ‘환경부-폐기물적법처리시스템(Allbaro)’, ‘환경부-환경정보 공개시스템’에서 확인 가능하다. 폐기물 배출량은 산업분류, 사업특성, 생산규모에 따라 영향을 받는다. 따라서 조직의 폐기물 배출량이 산업 내 어떠한 수준에 있는지 점검하는 방식에는 1) 업종별 총 폐기물 배출량 대비, 2) 조직의 사업장이 위치한 지역의 총 폐기물 배출량 대비, 3) 조직의… | Z13: [자동채점] | 근거충분성: 불충분 | 근거: [사업보고서] 258p. 당사는 온실가스, 에너지 관리업체 지정업체로 등록되었습니다. 외부기관에 의뢰하여 연 1회 온실가스 배출량 및 에너지 사용량을 측정하고 있으며, 각 분기별로는 당사 내부적으로 측정하고 있습니다.(11번째 줄) → 제공된 근거에는 온실가스 및 에너지 사용량에 대한 정보만 존재할 뿐, 폐기물 배출량에 대한 정량적 데이터가 전혀 포함되어 있지 않아 원단위 폐기물 배출량 산정 및 추세 확인이 불가능합니다. | 근거페이지: 사업보고서 19p, 25~28p, 33p, 151p, 258p, 260p, 269p, 292p, 300~301p, 307p / 지배구조보고서 3p, 8~9p, 17p | AA13: 직접 계산 / 증가 추세 / 1단계 / 0점 [홈페이지 공개 자료] - 2023~2025 https://drive.google.com/file/d/1sbXOoqD2wtmpGBb11NVWCzH5u6ikdsu9/view?usp=drive_link - 공개된 원단위 데이터가 없어 산식으로 계산. - 총 폐기물 배출량 / 매출액 - 폐기물 총 배출량 (2,351.3t -> 2,331.7t -> 2,740t) - 원단위 계산 결과 (1.513t -> 1.211t -> 1.562t) | AB13: 즉시 | AC13: [현재문제점] 폐기물 배출량 증가추세이며 원단위 데이터가 없다. [개선방향] 업종별/지역별 총량 대비, 과거 목표 대비, 자체 감축목표 대비, 벤치마킹 대비 중 하나를 도입해 '목표관리 중'으로 재평가받을 근거를 마련한다. [필요 근거] 공식 폐기물 원단위 산출에 사용한 매출액 분모, 사업장 범위, 지정·일반폐기물 원장, 처리방법별 실적, 폐기물 발생량과 생산량의 연결표가 필요하다. | AD13: 원단위 폐기물 배출량을 산정하고, 이에 대한 증감 현황을 점검·관리하고 있습니까? | AE13: 단계(1~3)
... A15: 14 | B15: E-7-2 | C15: 기본진단항목(v2.0) | D15: 환경 | E15: 오염물질 | F15: 수질오염물질 배출량 | G15: 조직이 소유, 관리, 통제하는 물리적 경계(사업장 등) 내에서 최종 발생하는 수질오염물질을 저감하는 등 수자원 보호를 위한 노력을 이행하고 있는지 확인 | ｢물환경보전법｣ 上 수질오염물질을 대표하는 생물화학적 산소요구량(BOD), 총 유기탄소량(TOC), 부유물질량(SS)의 배출 농도를 기간별 비교하는 방식으로 점검 | H15: ‘조직별 홈페이지’ 上 지속가능경영보고서, ‘환경부-물환경정보시스템’ 上 수질측정망 | I15: 최근 4개년 회계연도 * 3개년 이하 데이터 보유 시 해당 데이터로 추세 산정 | J15: 국내외 사업장 및 기타 연결실체 | K15: 수질오염물질 배출 = 생물화학적 산소요구량, 총 유기탄소량, 부유물질량의 배출농도(PPM, mg/l) | L15: 단계형 | M15: 3 | N15: 단계형: 1단계=0점 / 2단계=50점 / 3단계=100점 | O15: 1단계 | 지난 4개년 수질오염물질 평균 배출농도가 증가 추세 | 2단계 | 지난 4개년 수질오염물질 평균 배출농도가 변동 없음 | 3단계 | 지난 4개년 수질오염물질 평균 배출농도가 감소 추세 | * 수질오염물질 평균 배출농도를 관리하지 않고 있는 경우 0점 적용 | * 국내 및 해외 모든 사업장의 수질오염물질 배출농도가 ‘0’인 경우 100점 적용 | * 3개년 이하 데이터 보유 시 해당 데이터로 추세 산정 | * '유지 추세'로 판단할 경우 2단계로 적용하여 평가 | * (추세) 일정 기간 정량적 자료의 변동 방향성을 의미하며, 본 가이드라인에서는 4개년 데이터의 연평균 성장률(CAGR)을 추세로 정의 | P15: GAP(대응지표 없음) | Q15: KSSB 제2호 직접 규정 없음 | R15: GRI 303-4 | S15: 1_2_0_업종별 K-ESG 가이드라인(v2.0) 진단항목 | T15: 1 | X15: =IF(T15="","",SUMPRODUCT(('02_점수산정참고표'!$A$2:$A$314=$B15)*('02_점수산정참고표'!$C$2:$C$314=T15)*'02_점수산정참고표'!$E$2:$E$314)) -> 0 | Y15: 해당 지표에서 정의한 수질오염물질인 생물화학적 산소요구량(BOD), 총 유기탄소량(TOC), 부유물질량(SS)은 ｢물환경보전법 시행규칙｣ 별표13 上 ‘수질오염물질의 배출허용기준’ 항목이다.  수질오염물질 배출농도는 ｢환경분야 시험·검사 등에 관한 법률｣ 제6조제1항에 따라 환경부장관이 정하여 고시한 환경오염공정시험기준(또는 이에 준하는 국가별 관계법령)에 따라 측정한다. ｢물환경보전법｣ 제35조에 따른 수질오염물질 방지시설 면제사업장에 해당하는 경우 수질오염물질 배출 성과를 점검하지 아니할 수 있다. 조직의 수질오염물질 배출 수준을 점검하는 방식에는 1) 폐수를 방류하거나, 폐수처리시설과 관련된 수계의 평균 오염농도 대비, 2) 조직의 과거년도 배출농도를… | Z15: [자동채점] | 근거충분성: 불충분 | 근거: [사업보고서] 300p. 당사는 온실가스, 에너지 관리업체 지정업체로 등록되었습니다. 외부기관에 의뢰하여 연 1회 온실가스 배출량 및 에너지 사용량을 측정하고 있으며, 각 분기별로는 당사 내부적으로 측정하고 있습니다.(16번째 줄) → 제시된 근거에는 온실가스 및 에너지 사용량에 대한 측정 정보만 있을 뿐, 수질오염물질(BOD, TOC, SS) 배출량에 대한 정량적 데이터가 존재하지 않아 관리하지 않는 것으로 간주하여 1단계(0점)를 적용합니다. | 근거페이지: 사업보고서 25~26p, 129~130p, 149p, 224p, 265p, 269p, 278p, 281p, 300~301p / 지배구조보고서 8p, 10p, 38p | AA15: 채점 불가 [홈페이지 공개 자료] - 2023~2025 https://drive.google.com/file/d/1sbXOoqD2wtmpGBb11NVWCzH5u6ikdsu9/view?usp=drive_link - 자체 수질 정화 및 외부분석기관의뢰 수질환경측정 (분기 별 1회) - 폐수누출훈련 하지만, 배출관련 정량 데이터 X -> 그러나 배출농도 관련 정량 데이터 없음. -> K-ESG는 배출농도(BOD, TOC,SS)요구, 보고서 명시 X [판단근거] K15와 O15는 BOD·TOC·SS 등 수질오염물질의 평균 배출농도(ppm 또는 mg/L) 추세를 요구한다. [확인근거] AA15에는 "자체 수질 정화 및 외부분석기관의뢰 수질환경측정 1회/분기"와 폐수 누출 훈련은 확인되지만 BOD·TOC·SS의 정량 배출농도는 찾지 못했다고 적혀 있다. 회사 공식 ESG 페이지도 분기별 외부분석기관 수질환경측정과 폐수누출훈련을 설명하지만 공개된 정량 수자원 표는 취수·방류·사용량 중심으로 구성돼 있다. [감점사유] 수질 측정을 실시한다는 사실은 오히려 내부 농도자료가 존재할 가능성을 보여주지만, 현재 Excel에는 그 값이 없어 추세를 계산할 수 없다. 따라서 회사가 실제로 농도를 관리하지 않는다고 단정하기보다는 증빙 미제출에 따른 잠정 0점으로 표현하는 것이 정확하다. | AB15: 즉시 | AC15: [현재 문제점] 정기 수질검사는 시행하지만 배출농도 관련 BOD·TOC·SS 정량 데이터가 없음. [개선방향] 기존 시험성적서를 데이터화하고 사업장별 배출농도와 법정기준 대비 수준을 연간 KPI로 관리하는 것이다. 분기별 수질 시험성적서, BOD·TOC·SS 원자료, 사업장별 폐수 배출구 목록, 법정 기준, 연간 평균농도와 3개년 추세표가 필요하다. [필요근거] 외부분석기관 시험성적서, 폐수배출시설 관리대장, 오염물질별 연평균 산정표와 법정기준 대비표이다. | AD15: 최종 배출한 폐수 내 생물화학적 산소요구량(BOD), 총 유기탄소량(TOC), 부유물질량(SS)의 평균 배출 농도가 저감 추세입니까? | AE15: 단계(1~3)
A16: 15 | B16: E-8-1 | C16: 기본진단항목(v2.0) | D16: 환경 | E16: 환경 법/규제 위반 | F16: 환경 법/규제 위반 | G16: 조직이 사업을 운영하는 과정에서 준수해야 할 환경 관리 법/규제를 명확하게 인식하고, 환경 법/규제 리스크 해결을 위한 투자 및 개선활동이 효과적인지 확인 | 환경 관련 법/규제 위반 사건 중 조직의 재무구조 및 평판 관리에 상당한 영향력을 미치는 사법상 형벌, 행정상 처분(금전적, 비금전적)에 대해 가중치를 달리 적용하는 방식으로 ‘환경 법/규제 위반’을 점검 | H16: ‘전자공시시스템’ 上 사업보고서, ‘조직별 홈페이지’ 上 지속가능경영보고서 | I16: 최근 4개년 회계연도 * 3개년 이하 데이터 보유 시 해당 데이터로 추세 산정 | J16: 국내외 사업장 및 기타 연결실체 | K16: ∑(환경 법/규제 위반 건 * 처벌수위별 감점 기준) | L16: 감점형 | M16: 3 | N16: 감점형 (기본 100점에서 위반유형별 감점 차감, 최저 0점 제한) | 세부 배점 기준: 유형 1= -50점 / 유형 2 = -30점 / 유형 3 = -10점 | O16: 유형 1 | 지난 4개년 간 환경 법/규제 위반내역 중 판결이 확정된 건수에 대해, 처벌수위가 사법상 형벌, 벌금, 과료인 경우, 또는 국가나 지방자치단체를 당사자로 하는 계약에서 입찰참가자격을 제한당한 경우 | 유형 2 | 지난 4개년 간 환경 법/규제 위반내역 중 판결이 확정된 건수에 대해, 처벌수위가 행정상 처분 중 금전적 처분에 해당하는 과태료, 과징금, 이행강제금 등인 경우 | 유형 3 | 지난 4개년 간 환경 법/규제 위반내역 중 판결이 확정된 건수에 대해, 처벌수위가 행정상 처분 중 비금전적 처분에 해당하는 시정 명령, 시정권고, 경고 등인 경우 | * 감점 사항이 없을 경우, 감점 없음 | * 단, 처벌 및 조치내역의 발생횟수에 따른 감점 시 환경 분야의 총 평가 최저점은 0점으로 하한선 설정 | P16: 부분대응 | Q16: KSSB 제1호 문단 위험관리 원칙 준용 | R16: GRI 2-27(Compliance) | S16: 1_2_0_업종별 K-ESG 가이드라인(v2.0) 진단항목 | T16: 해당없음(감점형) | U16: 0 | V16: 0 | W16: 0 | X16: =MAX(0,100-(N(U16)*50+N(V16)*30+N(W16)*10)) -> 100 | Y16: 환경 법/규제 위반행위란 오염물질 불법배출의 가중처벌, 환경보호지역 오염행위 등의 가중처벌, 과실범, 멸종위기 야생생물의 포획 등의 가중처벌, 폐기물 불법처리의 가중처벌, 누범의 가중, 명령 불이행자에 대한 처벌의 규정에 해당하는 행위나 ｢대기환경보전법｣ 비산먼지 발생을 억제하기 위한 시설 설치 혹은 조치를 하지 않은 경우, ｢화학물질 등록 및 평가 등에 관한 법률｣ 또는 ｢화학물질관리법｣ 유해화학물질을 부적절하게 관리한 경우, ｢폐기물관리법｣ 생활폐기물을 불법 처리하는 행위 등으로써 ｢환경범죄 등의 단속 및 가중처벌에 관한 법률｣ 제3조에서 제14조를 통해 처벌수위를 규정하고 있다. - 제3조 : 오염물질 불법배출의 가중처벌 - 제4조 : 환경보호지역 오염행위 등의… | Z16: [자동채점] | 근거충분성: 충분 | 근거: 위반사항 없음 | 근거페이지: 사업보고서 14~32p, 94p, 110p, 163p, 251p, 254~255p, 259p, 275p, 293p, 300~301p / 지배구조보고서 6~25p, 45p | AA16: 부분 / 감점없음 / 100점 [판단근거] O16은 사법상 처벌·벌금·입찰제한, 금전적 행정처분, 비금전적 시정명령·경고 등을 유형별 감점하고 위반이 없으면 100점을 부여한다. [확인근거] Excel의 U16, V16, W16은 모두 0으로 기재돼 있고 AA16도 "사업보고서 기준 환경 제재 없음", "환경 관련 오염 행위, 불법 배출은 확인되지 않음"으로 정리한다. 따라서 Excel 내부 근거만으로는 감점할 사유가 없다. [감점사유] 기사에서 "납 검출" 등의 환경 우려가 언급됐다는 사실만으로는 K-ESG가 요구하는 확정된 사법·행정처분으로 간주할 수 없으므로 점수를 임의로 감점하면 안 된다. 다만 평가기간 동안 모든 국내외 사업장과 연결법인을 대상으로 한 환경 제재 조회표가 Excel에 첨부된 것은 아니므로 "완전 무위반"에 대한 방어근거는 보강할 필요가 있다. 회사 공식 EHS 정책은 국내외 환경법규·협약 준수 및 엄격한 내부기준 수립 방침을 공개하지만, 정책 자체가 무위반 실적을 증명하지는 않는다. | AB16: 중기 | AC16: [현재 문제점] 무위반으로 판단할 수는 있으나 이를 전 사업장·전 연결법인 기준으로 입증하는 중앙관리대장이 부족한 점이다. [개선방향] 법인·사업장별 환경법규 준수와 처분내역을 분기 단위로 취합하는 환경 compliance register를 운영하는 것이다. 최근 평가기간의 국내외 사업장별 환경 행정처분 조회표, 과태료·과징금·시정명령 현황, 환경법규 준수 평가 결과, 사건 발생 시 시정·재발방지 완료자료가 필요하다. [필요근거] 규제기관 처분통지서, 자체 법규준수평가표, 사업장 확인서, 시정조치 종결보고서이다. | AD16: 최근 환경 관련 법·규제 위반으로 인해 사법상 처벌, 입찰참가자격 제한, 또는 행정상 금전적·비금전적 처분이 확정된 내역이 있습니까? | AE16: 단계(1~3)/감점형
A17: 16 | B17: E-10-1 | C17: 기본진단항목(v2.0) | D17: 환경 | E17: 기후변화대응 | F17: 기후변화 거버넌스 | G17: 조직 내 기후변화 이슈에 체계적이고 효과적으로 대응할 수 있는 관리·감독(기구) 구축 여부 점검 | 조직 내 기후변화 대응 목표가 핵심성과지표(KPIs)에 반영되어 있는지 점검하고, 이를 통해 인센티브를 제공하고 있는지 확인 | H17: ‘조직별 홈페이지’ 上 지속가능성보고서, TCFD 보고서, 기후변화 대응계획, 이사회 또는 ESG위원회(지속가능경영위원회) 조직도 및 회의록 | I17: 직전 회계연도 기준 | J17: N/A | K17: N/A | L17: 단계형 | M17: 5 | N17: 단계형: 1단계=0점 / 2단계=25점 / 3단계=50점 / 4단계=75점 / 5단계=100점 | O17: 1단계 | 기후변화 문제에 대응할 수 있는 담당자(혹은 기구)가 없음 | 2단계 | 기후변화 문제에 대응하기 위한 관리자(혹은 담당부서)가 있으며, 담당부서의 KPIs에 조직의 기후변화 대응 목표가 반영되어 있음 | 3단계 | 기후변화 문제에 대응하기 위한 관리직(C-level) 혹은 위원회가 있으며, 관리직의 KPIs에 조직의 기후변화 대응 목표가 반영되어 있음 (예 : 기후/지속가능성/ESG 최고 책임자, 리스크 관리 최고 책임자(CEO 제외) 등) | 4단계 | 3단계 + 기후 관련 문제를 이사회 차원의 위원회에서 관리·감독하고 있으며, 이사회 안건으로 상정하고 있음 (예 : 기후/지속가능성/ESG 위원회, 리스크 관리 위원회 등) | 5단계 | 4단계 + 조직 구성원에게 기후변화 대응 목표 KPIs 달성도에 따라 인센티브를 제공하고 있음 | P17: 완전대응 | Q17: KSSB 제2호 문단 6(1),(2) — 기후 거버넌스 | R17: TCFD, GRI 2-9 | S17: 1_2_0_업종별 K-ESG 가이드라인(v2.0) 진단항목 | T17: 1 | X17: =IF(T17="","",SUMPRODUCT(('02_점수산정참고표'!$A$2:$A$314=$B17)*('02_점수산정참고표'!$C$2:$C$314=T17)*'02_점수산정참고표'!$E$2:$E$314)) -> 0 | Y17: TCFD(Task Force on Climate-related Financial Disclosures)는 조직이 자사가 직면한 기후변화 관련 위험과 기회를 평가해야 하며 이로 인해 발생할 수 있는 기업의 재무적 영향과 비용, 미래의 기회 등을 평가하는 것을 권고하고 있다. 조직은 기후변화에 대응할 수 있도록 명확한 목표를 설정하고, 이에 대한 중장기적 계획을 수립하며 이를 지속적으로 책임질 수 있는 담당자(혹은 기구)를 지정해야 한다. 기후변화 위기 대응 거버넌스를 구축하여 보다 체계적이고 효과적으로 관련 활동 및 성과를 관리해야 한다. 기후변화 대응을 위한 조직 활동으로는 온실가스 감축, 재생에너지 확대, 산림보호, 폐기물 관리, 관련 교육 등이 있으며, 위… | Z17: [자동채점] | 근거충분성: 충분 | 근거: ⚠️[출처 미확정, 검색 1위 후보로 대체] [사업보고서] 301p. 당사는 이사회 내 별도의 위원회를 설치하고 있지 않습니다.(줄 위치 특정 실패) → 기후변화 대응을 위한 전담 기구, 관리자, KPI 반영 및 인센티브 체계에 대한 근거가 확인되지 않으며, 이사회 내 ESG 위원회 또한 설치되어 있지 않아 1단계에 해당함. | 근거페이지: 사업보고서 269p, 301p / 지배구조보고서 3p, 15p, 17~19p, 32p, 35~39p, 44p | AA17: 부분 / 1단계 / 0점 [판단근거] O17의 2단계는 담당자·담당부서가 존재하는 것만으로 끝나지 않고 해당 조직의 KPI에 기후변화 목표가 포함되어야 한다. 3단계는 C-level 또는 경영위원회와 경영진 KPI, 4단계는 이사회 차원의 관리·감독과 안건, 5단계는 KPI와 인센티브 연동까지 요구한다. [확인근거] AA17은 스스로 "전담부서, 경영진 보고체계는 확인되나 KPI 반영, 이사회 차원 관리/감독, 인센티브 연동 근거 없음"이라고 적고 있다. 이 서술대로라면 2단계의 필수 KPI 요건을 충족하지 못하므로 "2단계 충족" 문구는 논리적으로 맞지 않는다. [감점사유] 환경담당조직 또는 경영진 보고가 존재한다는 운영사실과 K-ESG 단계 충족은 구분해야 한다. 기후 KPI를 업무평가에 포함했다는 증빙이 없고, 이사회가 기후리스크·온실가스 목표를 정기 감독한다는 회의체 근거와 보상 연계도 확인되지 않는다. | AB17: 즉시 | AC17: [현재 문제점] 기후업무 수행조직은 존재할 가능성이 높지만 KPI·이사회 감독·보상체계로 이어지는 책임구조가 입증되지 않는 점이다. [개선방향] 환경담당부서 KPI에서 시작해 C-level KPI, 이사회 기후안건, 성과보상까지 단계적으로 연결하는 기후 거버넌스를 구축하는 것이다. 3단계 도달을 위해 기후 대응을 총괄하는 C-level(CSO) 또는 전담 위원회를 지정하고 KPI를 반영한다. -> 후 책임자 지정문서, 환경부서 KPI, CEO/C-level KPI, 이사회 또는 ESG위원회 운영규정, 기후 안건 회의록, 경영진 보상 KPI 연계표가 필요 [필요근거] 조직별 KPI 정의서, 이사회 운영규정, 기후안건 회의록, 경영진 평가표와 인센티브 산정자료이다. | AD17: 조직 내 기후변화 이슈를 총괄 관리·감독하는 기구가 설치되어 있으며, 대응 목표가 임직원 KPI 및 인센티브(보상) 체계에 연동되어 운영되고 있습니까? | AE17: 단계(1~5)
A18: 17 | B18: E-10-5 | C18: 기본진단항목(v2.0) | D18: 환경 | E18: 기후변화대응 | F18: 온실가스 배출량 감축 선언 | G18: 국가온실가스감축목표(NDC)에 따른 국내 2030년 온실가스 감축 목표(2018년 수준 대비 40% 감축)를 고려하여, 조직이 온실가스 배출량 감축 목표를 설정하고 있는지 여부 확인 | H18: ‘조직별 홈페이지’ 上 지속가능경영보고서, TCFD 보고서, CDP 보고서, Net-zero선언문, 기타 기후관련 이니셔티브 가입 선언 등 | I18: 직전 회계연도 기준 | J18: 국내외 사업장 및 기타 연결실체 | K18: (구분1 + 구분2) * 1/2 | L18: 복합가중형 | N18: 복합가중형: 2개 세부요소의 균등가중평균 (1/2 + 1/2) — 최종 점수 = (구분1 점수 + 구분2 점수) × 1/2 | 세부 배점 기준 (구분별): 1개 이하 충족=0점 / 2개 이하 충족=25점 / 3개 이하 충족=50점 / 4개 이하 충족=75점 / 5개 이하 충족=100점 |*각 구분(구분1, 구분2)의 항목 충족 개수 확인 후 상세 배점표 참조하여 수동 산정 | O18: 구분1(1/2) | 구분2(1/2) 요건1 | 조직이 온실가스 배출 감축 선언(Commitment)을 하고 이를 공개하는 경우 | 조직이 사업장 내에서 배출하는 온실가스 배출량에 대해 파악하고 있는 경우 요건2 | 조직이 온실가스 배출량 감축을 위한 기준연도와 목표연도, 감축 범위를 설정한 경우 | 조직이 공급망에서 배출하는 온실가스 배출량을 관리하고 있는 경우 요건3 | 조직이 온실가스 배출량 감축을 위해 중간목표를 포함한 중장기 로드맵을 가지고 있는 경우 | Scope1, 2 영역의 구체적인 온실가스 감축 프로그램을 이행하는 경우 요건4 | 조직이 온실가스 배출량 감축을 위한 구체적인 감축 계획을 수립한 경우 | Scope3 영역을 포함한 구체적인 온실가스 감축 프로그램을 이행하는 경우 요건5 | 조직의 온실가스 감축 목표를 SBTi 등 과학적 기반으로 검증받고 있는 경우 | 탄소제거 인증 프레임워크에 따라 인증된 탄소배출 상쇄(Carbon offset) 계획을 수립한 경우 ※ 온실가스 배출 감축선언을 하지 않은 경우, 사업장 내 온실가스 배출량을 관리하지 않는 경우 0점 처리 | P18: 완전대응 | Q18: KSSB 제2호 문단 33~36 — 감축목표·SBTi 정합 | R18: GRI 305-5, SBTi | S18: 1_2_0_업종별 K-ESG 가이드라인(v2.0) 진단항목 | T18: 해당없음(복합가중형) | X18: 0 | Y18: 본 항목은 조직이 온실가스 배출량 감축 목표 설정 및 이를 공약하는지 여부와 이를 달성하기 위해 어떤 활동을 하고 있는지를 점검한다. 파리 협약에 따라 조직은 산업화 이전 수준보다 지구 온도 상승을 1.5°C로 제한한다는 목표에 맞게 비즈니스 활동 조정 등 온실가스 배출 감축을 위한 노력을 다해야 한다. 조직의 온실가스 배출 감소 전략은 사업장 내, 혹은 공급망에 이르기까지, Scope1,2 및 Scope3를 관리 할 수 있으며, 탄소 배출량 ‘0’ 또는 1.5°C 조정 경로에서 순배출량 ‘0’에 도달하는 것과 일치하는 수준으로 달성 목표를 설정하여야 한다. 조직의 온실가스 배출량 감축 목표연도는 파리협약에 따른 2050년 혹은 그 이전으로 설정해야 하며,… | Z18: [자동채점] | 근거충분성: 충분 | 근거: [구분1 0/5개→0점] [구분2 1/5개→0점] 평균 0.0점 | 근거페이지: 사업보고서 13p, 300~301p / 지배구조보고서 3p, 8~9p, 17p, 29p, 32p, 43~45p | [AI검토필요] 복합가중형(정밀계산) - 표본검증 권장 | AA18: 부분 / 12.5점 / 요건 1 충족, 요건 2 부분충족 [판단근거] O18은 두 개의 5개 요건군을 각각 채점한 뒤 평균하는 복합가중형이다. 구분 1에서는 공개적 감축선언은 명확히 인정된다. [확인근거] AA18은 "NDC 기준으로 2030년까지 탄소배출량 35% 절감, 2050년까지 Net Zero"를 명시하고 있고 회사 공식 EHS 페이지도 동일 목표를 공개한다. 그러나 기준연도, 정확한 감축 경계, 세부 로드맵, 과학기반 목표 검증은 확인되지 않아 구분 1은 1개 요건·0점이 방어적이다. 구분 2에서는 Scope 1·2 배출량 관리가 확인되고, Excel AA8에 고효율설비 설치와 에너지 사용 관리 등 Scope 1·2 감축에 연결되는 실행활동이 기재되어 있어 이를 "구체적 Scope 1·2 프로그램"으로 인정하면 2개 요건·25점이 가능하다. 두 구분 평균은 (0+25)/2=12.5점이다. [감점사유] 두 번째 요건군의 고효율설비를 명시적인 "온실가스 감축 프로그램"으로 인정하지 않는 평가자는 구분 2도 1개 요건으로 판단할 수 있어 최종점수가 0점까지 내려갈 해석 위험이 있다. 또한 공식 공시된 Scope 3는 지속적인 공급망 배출관리 체계로 보기 어려우며, SBTi 검증과 상쇄계획도 확인되지 않는다. 공식 ESG 페이지는 2023년 Scope 3 Category 1 데이터를 공개했지만 2024·2025년 값은 0으로 기재하고 있어 연속적인 Scope 3 관리 증거로 활용하기에는 한계가 있다. | AB18: 즉시 | AC18: [현재 문제점] 2030·2050 감축선언은 있으나 기준연도·감축경계·연차별 경로·Scope 3 계획이 하나의 로드맵으로 연결되지 않은 점이다. [개선방향] 2030년 35% 목표를 기준연도 절대배출량으로 환산하고 Scope별·사업장별 감축과제와 연간 마일스톤을 설정하는 것이다. -> 기준연도, 조직·운영경계, 2030·2050 목표의 절대배출량, 2026~2030 연차별 경로, Scope 1·2 프로젝트별 감축량, Scope 3 카테고리별 인벤토리, SBTi 또는 이에 준하는 목표 검증자료가 필요 [필요근거] 탄소중립 로드맵, Scope별 인벤토리, 감축 프로젝트 business case, 연간 감축실적 보고서와 외부 검증자료이다. | AD18: 국가 2030 NDC(2018년 대비 40% 감축) 수준을 고려하여 온실가스 감축 선언을 대내외에 공개하고, Scope 1·2를 포함한 배출량 파악·관리, 중간목표 기반 중장기 로드맵, 구체적 감축 프로그램(SBTi 등 외부 검증 및 탄소상쇄 포함)을 수립 및 이행하고 있습니까? | AE18: 단계(1~5)/복합가중형
A19: 18 | B19: G-1-1 | C19: 기본진단항목(v2.0) | D19: 지배구조 | E19: 이사회 구성 | F19: 이사회 내 ESG 안건 상정 | G19: 조직의 최고의사결정기구인 이사회 또는 산하 위원회가 ESG 관련 안건을 보고받고 있으며, 특히 중대한 ESG 안건에 대해서는 심의/의결하고 있는지 확인 | 이사회 또는 산하 위원회를 통해 조직의 ESG 경영이 효율적으로 관리 및 감독되고 있는지 점검하기 위해 1) 활동내역, 2) 운영 규정의 2가지를 점검 | 조직은 ESG 안건을 다루기 위해 이사회 산하에 ‘지속가능경영위원회(ESG위원회)’를 설립할 수 있으나, 이사회, 또는 기존의 산하 위원회(사회책임위원회, 투명경영위원회, 거버넌스위원회, 경영위원회, 감사위원회 등)를 통해서도 ESG 안건을 다룰 수 있음 | H19: 이사회 또는 산하 위원회 개최 내역, 이사회 또는 산하 위원회 운영규정 | I19: 직전 회계연도 | J19: N/A | K19: N/A | L19: 복합가중형 | N19: 복합가중형: 2개 세부요소의 균등가중평균 (1/2 + 1/2) — 최종 점수 = (영역1 점수 + 영역2 점수) × 1/2 | 세부 배점 기준 (단계별): 1단계=0점 / 2단계=50점 / 3단계=100점 *각 영역(영역1, 영역2)의 달성 단계(1~3단계) 확인 후 상세 배점표 참조하여 수동 산정 | O19: 영역1(1/2) | 영역2(1/2) 1단계 | 이사회 또는 산하 위원회에서 ESG 관련 안건을 다루고 있지 않은 경우 | 이사회 또는 산하 위원회 운영규정에 ESG 관련 사항을 명시하지 않는 경우 2단계 | 최근 1년간 ESG 관련 안건이 모두 '보고' 사항인 경우 | 이사회 또는 산하 위원회 운영규정에 'ESG'라는 단어만 기재하고 있는 경우 3단계 | 최근 1년간 ESG 관련 안건 중 '심의/의결' 사항이 있는 경우 | 이사회 또는 산하 위원회 운영규정에 ESG 이외에, 조직과 관련된 중요 ESG 이슈 또는 안건을 명시하고 있는 경우 | P19: 완전대응 | Q19: KSSB 제1호 문단 27(1) — 이사회 ESG 안건 감독 | R19: GRI 2-9, KCGS | S19: 1_2_0_업종별 K-ESG 가이드라인(v2.0) 진단항목 | T19: 해당없음(복합가중형) | X19: 50 | Y19: ESG가 사업운영 및 중장기 발전을 위한 중요한 요인으로 등장함에 따라, 조직의 최고의사결정기구인 이사회에서 ESG 안건을 검토/심의/의결하도록 요구받고 있다. 조직은 이사회에서 ESG와 관련한 중요 안건을 보고받거나, 심의/의결할 수도 있으며, 이사회 산하 위원회를 설치하여 ESG 관련 안건을 다루도록 함으로써 이사회 역할 수행의 전문성과 효율성을 제고할 수 있다. 조직은 ESG 안건을 다루기 위해 이사회 산하에 ‘ESG위원회’를 신설할 수 있으나, 이사회, 또는 기존에 설치한 위원회(사회책임위원회, 투명경영위원회, 거번너스위원회, 경영위원회, 감사위원회 등)를 통해서도 ESG 안건을 다룰 수 있다. 즉, ‘ESG위원회’ 설치 여부가 중요한 것이 아니라, 어떠한… | Z19: [자동채점] | 근거충분성: 충분 | 근거: [이사회/산하위원회의 ESG 안건 다루는 수준, 가중치0.50] [지배구조보고서] 31p. 내부회계관리제도 운영실태 보고의 건 ② 내부회계관리제도 운영실태 평가보고의 건(4번째 줄) → 이사회 안건 중 내부회계관리제도 운영실태 및 평가보고와 같은 ESG 관련 내부통제 및 감사 관련 사항이 심의/의결 안건으로 포함되어 있습니다. (100점) / [운영규정 상 ESG 명시 수준, 가중치0.50] [지배구조보고서] 19p. 당사는 이사회 내 ESG 위원회를 설치하고 있지 않습니다.(9번째 줄) → 제시된 근거 자료 내에서 운영규정이나 정관 등에 ESG 관련 사항을 명시하고 있다는 내용을 확인할 수 없으며, 오히려 ESG 위원회 미설치 사실만 명시되어 있습니다. (0점) | 근거페이지: 지배구조보고서 15p, 17~19p, 21~22p, 30~31p, 33~36p, 41p | [AI검토필요] 복합가중형(정밀계산) - 표본검증 권장 | AA19: 부분 / 영역 1 = 3단계, 영역 2 = 근거 부족 / 1단계 / 50점 [최종판단] 근거충분성: 부분 / 영역1 3단계, 영역2 근거부족→보수적 1단계 / 50점. [판단근거] 2025년 이사회가 안전보건경영 계획을 승인한 명확한 ESG 의결 증거가 있으나, 이사회/위원회 운영규정에 ESG 및 중요 ESG 이슈가 명시됐다는 증거가 없음. 기준표는 ① 최근 1년 이사회·위원회의 ESG 안건 처리 수준과 ② 운영규정의 ESG 명시 수준을 각각 50% 평가한다. 2025년에는 ESG의 S영역에 해당하는 안전보건 안건이 실제 승인되어 영역1은 3단계가 가능하다. 그러나 이사회·위원회 운영규정에 ESG 또는 중요 ESG 이슈를 명시한 근거는 사업보고서에서 확인되지 않는다. [확인근거] 007340_2026_business.pdf, PDF p.287 / DART p.283, VI.1.2 주요 의결사항: “2025년 안전보건경영 계획 승인의 건”, 결과 “가결”, 이사 전원 찬성. PDF p.14 / DART p.10, I.5 정관 변경이력에는 “위원회 설치에 관한 조항 신설 / 이사회내 위원회 설치를 위한 기준 마련”까지만 확인된다. [감점사유] 정관상 위원회 설치 가능성은 운영규정상 ESG 감독책임 명시와 동일하지 않다. 영역2를 상향시킬 직접 증빙이 없다.[보완 필요 증빙] 이사회규정 또는 ESG위원회 운영규정, ESG 감독책임 조항, 기후·안전·인권·공급망 등 중요 ESG 안건 목록, 연간 ESG 이사회 안건계획 | AB19: 즉시 | AC19: [현재 문제점] ESG 안건의 실제 의결은 있으나 이사회의 ESG 감독권한이 규정으로 연결되지 않음. [개선방향] 이사회/위원회 규정에 ESG 감독권한과 중요 ESG 이슈를 문장화하고 정례 안건, 의사록 증빙체계 구축, 이사회/위원회 규정에 ESG 감독범위와 정례 보고·심의 대상을 명시하고 연간 캘린더화. [필요 근거] 개정 이사회규정, ESG위원회규정, 연간 안건계획, 의사록·이사회 자료. | AD19: 이사회 또는 산하 위원회 운영규정에 ESG 관련 권한과 역할이 명시되어 있으며, 실제 활동 내역을 통해 ESG 안건을 보고·심의·의결하며 관리·감독하고 있습니까? | AE19: 단계(1~3)/복합가중형
A20: 19 | B20: G-1-2 | C20: 기본진단항목(v2.0) | D20: 지배구조 | E20: 이사회 구성 | F20: 사외이사 비율 | G20: 조직이 사외이사 제도를 통해 경영진 및 지배주주에 대한 견제, 기업경영 투명성의 제고, 소수주주의 권리보호 등의 목적을 달성하고 있는지 확인 | 경영진의 의사결정 행위를 견제할 수 있으며, 독립적인 시각에서 기업 발전에 관한 제언을 할 수 있는 사외이사 비율이 충분한지 점검 | H20: 이사회 구성현황, 전자공시시스템 [사업보고서-이사회에 관한 사항] | I20: 지난 1개 회계연도 기준 | J20: N/A | K20: N/A | L20: 단계형 | M20: 5 | N20: 단계형: 1단계=0점 / 2단계=25점 / 3단계=50점 / 4단계=75점 / 5단계=100점 | O20: 1단계 | 총원의 과반수로 구성되었으나, 사외이사가 3인인 경우 | 2단계 | 3인 이상, 이사 총원의 과반수를 차지하고 있으나, 전체 이사 중 60% 미만인 경우 | 3단계 | 3인 이상, 이사 총원의 과반수를 차지, 전체 이사 중 60% 이상 ~ 70% 미만인 경우 | 4단계 | 3인 이상, 이사 총원의 과반수를 차지, 전체 이사 중 70% 이상 ~ 80% 미만인 경우 | 5단계 | 3인 이상, 이사 총원의 과반수를 차지, 전체 이사 중 80% 이상인 경우 | P20: 부분대응 | Q20: KSSB 제1호 문단 27(1) 취지상 이사회 역량 요구와 연관 | R20: 지배구조보고서 가이드라인, GRI 2-9 | S20: 1_2_0_업종별 K-ESG 가이드라인(v2.0) 진단항목 | T20: 1 | X20: =IF(T20="","",SUMPRODUCT(('02_점수산정참고표'!$A$2:$A$314=$B20)*('02_점수산정참고표'!$C$2:$C$314=T20)*'02_점수산정참고표'!$E$2:$E$314)) -> 0 | Y20: 이사회가 조직의 경영활동에 대한 감독과 견제의 기능을 효과적으로 수행하며, 경영진이 합리적이고 객관적인 의사결정을 내릴 수 있도록 제언하기 위해서는 사외이사의 독립성이 확보되어야 한다. 사외이사의 독립성 요건(또는 사외이사 결격사유)은 ｢상법｣ 제382조 및 제542조, 금융회사의 지배구조에 관한 법률｣ 제12조를 통해 확인할 수 있다. 사외이사가 경영진의 의사결정에 중요한 영향력을 행사하거나, 이사회 의결사항에 상당한 의사결정권한을 갖추기 위해서는 충분한 수의 사외이사가 확보되어야 한다. 따라서 사외이사 비율은 이사회가 경영진 등을 충분히 견제할 수 있는 수준에서 결정되어야 한다. ｢상법｣ 및 ｢금융회사의 지배구조에 관한 법률｣에서 제시하는 사외이사 비율… | Z20: [자동채점] | 근거충분성: 충분 | 근거: [지배구조보고서] 4p. 2025년 5월 현재 총 5명의 이사 중 3명의 사내이사와 2명의 사외이사로 구성되어(2번째 줄) → 사외이사 수가 3인 미만(2인)으로, 단계별 상세 판단기준의 3인 이상 요건을 충족하지 못하여 1단계에 해당함. | 근거페이지: 사업보고서 271~272p / 지배구조보고서 4p, 20~21p, 25~30p, 38p | AA20: 충분 / 1단계 / 0점 대표이사와 이사회 의장 동일 [판단근거] 기준표의 상위 구간은 기본적으로 사외이사 3인 이상·과반을 전제로 한다. DN오토모티브는 전체 5인 중 사외이사 2인으로 40%이므로 최저 명시요건에도 미달한다. [확인근거] 사업보고서 PDF p.287 / DART p.283, VI.1.1: “3인의 상근이사, 2인의 사외이사 등 총 5인의 이사”. 즉 2/5=40%. [감점사유] 사외이사 수가 3인 미만이고 과반에 미달.<br><br>[보완 필요 증빙] 향후 이사회 구성계획, 사외이사 후보군·추천기준, 주총 선임결의 및 변경 후 이사회 구성표. | AB20: 즉시 | AC20: [현재 문제점] 사외이사 2/5, 40%로 독립적 견제 비중이 낮음. [개선방향] 우선 3/5 이상으로 확대하고 이후 이사회 개편 시 독립이사 비율을 지속 상향. 3/5 달성 시 최소 60% 구간, 장기적으로 80% 이상, 독립 사외이사 의장으로 분리. 전환 전까지 선임사외이사 제도를 브리지로 도입 [필요 근거] 이사회 구성 로드맵, 후보추천 기준, 주총 의안·선임결과, 독립성 확인서. | AD20: 경영진 견제를 위해 기업 발전에 관한 제언을 할 수 있는 사외이사의 비율이 충분합니까? | AE20: 단계(1~5)
A21: 20 | B21: G-1-3 | C21: 기본진단항목(v2.0) | D21: 지배구조 | E21: 이사회 구성 | F21: 대표이사와 이사회 의장 분리 | G21: 경영진의 경영활동을 감독하고 견제하는 이사회의 역할을 제대로 수행하기 위한 독립성 확보 여부를 확인 | 이사회의 의장과 경영진의 대표인 대표이사와의 분리 여부 및 선임사외이사 임명 등을 점검 | H21: 이사회 구성 현황, 전자공시시스템[사업보고서-이사회에 관한 사항] | I21: 지난 1개 회계연도 기준 | J21: N/A | K21: N/A | L21: 단계형 | M21: 5 | N21: 단계형: 1단계=0점 / 2단계=25점 / 3단계=50점 / 4단계=75점 / 5단계=100점 | O21: 1단계 | 현재 대표이사와 이사회 의장이 동일한 경우 | 2단계 | 과거 대표이사 또는 이사회 의장을 역임했던 자가 현재 이사회 의장인 경우 | 3단계 | 현재 이사회 의장이 과거 또는 현재의 대표이사나 이사회 의장을 역임하지 않았으나, 모회사 또는 자회사의 임원 등 독립성이 결여된 자가 이사회 의장인 경우 | 4단계 | 과거 또는 현재 대표이사이거나, 이사회 의장을 역임하였거나, 독립성이 결여된 자가 현재 이사회 의장인 경우. 단, 이사회 의장과 이해관계 상충하는 안건 등에 있어, 이사회 의장 역할을 대신하는 ‘선임사외이사’를 임명하고 있는 경우 | 5단계 | 과거 또는 현재 대표이사이거나, 이사회 의장을 역임한 적이 없으며, 회사로부터 독립성이 확보된 이사가 현재 이사회의 의장인 경우 | P21: GAP(대응지표 없음) | Q21: KSSB 별도 규정 없음 | R21: 지배구조보고서 가이드라인 | S21: 1_2_0_업종별 K-ESG 가이드라인(v2.0) 진단항목 | T21: 1 | X21: =IF(T21="","",SUMPRODUCT(('02_점수산정참고표'!$A$2:$A$314=$B21)*('02_점수산정참고표'!$C$2:$C$314=T21)*'02_점수산정참고표'!$E$2:$E$314)) -> 0 | Y21: 경영진을 대표하는 대표이사와 이사회를 대표하는 이사회 의장이 동일하다면 경영진의 경영활동을 감독하고 견제하는 이사회의 역할을 제대로 수행할 수 없다. 다만, 대표이사와 이사회 의장이 분리되지 않은 경우에도 독립성을 갖춘 선임사외이사를 두어 이사회의 기능과 역할을 주도적으로 수행하도록 할 수 있다. 선임사외이사는 이사회(대표이사 또는 특수관계인이 이사회 의장으로 선임된)에서 대표이사의 이해와 관계된 의사결정 사안에 대해 이사회 의장을 대리하며, 사외이사들의 의견을 대표로 사내이사 및 경영진에게 전달하는 역할을 수행한다. 국내외 법/규제, ESG 평가기관 등은 대표이사의 이사회 의장 분리 및 선임사외이사 임명 관련 사항을 아래와 같이 명시하고 있으므로, 해당 지표… | Z21: [자동채점] | 근거충분성: 충분 | 근거: [지배구조보고서] 20p. 당사는 정관에서 대표이사를 이사회의장으로 지정하고 있습니다.(7번째 줄) → 대표이사가 이사회 의장을 겸직하고 있으며, 선임사외이사 제도 또한 운영하고 있지 않아 1단계에 해당함. | 근거페이지: 사업보고서 270~271p / 지배구조보고서 4p, 15p, 18~22p, 25~26p, 30p | AA21: [확인필요] 충분 / 1단계 / 0점 26년 최근 기준으로 한 번 더 확인 필요, 사외이사 2/5=40%, 최소구간 미달 [판단근거] 기준표 1단계는 현 대표이사와 이사회 의장이 동일한 경우다. 회사가 정확히 이에 해당한다. [확인근거] 사업보고서 PDF p.287 / DART p.283, VI.1.1: “김상헌 대표이사를 의장으로 선임하였습니다.” 같은 페이지에서 김상헌은 대표이사임이 확인된다. [감점사유] 대표이사와 의장이 동일하고, 기준표 4단계를 가능하게 하는 선임사외이사 운영 근거도 두 문서에서 확인되지 않는다. [보완 필요 증빙] 독립 이사회 의장 선임결의 또는 선임사외이사 규정·선임결의·권한규정. | AB21: 즉시 | AC21: [현재 문제점] 대표이사가 이사회 의장을 겸해 감독주체와 피감독 경영진 간 역할분리가 약함. [개선방향] - 사외이사 최소 3/5=60%, 장기적으로 4/5=80%를 계획에 반영 - 독립 사외이사 의장 체계로 전환하고, 과도기에는 선임사외이사 제도를 운영. [필요 근거] 이사회규정, 선임사외이사 직무규정, 이사회 선임결의, 이해상충 안건 운영기록 | AD21: 경영진 감독 및 견제를 위한 이사회 독립성을 확보하기 위해 이사회 의장과 대표이사를 분리하거나, 선임사외이사를 임명하여 운영하고 있습니까? | AE21: 단계(1~5)
A22: 21 | B22: G-1-4 | C22: 기본진단항목(v2.0) | D22: 지배구조 | E22: 이사회 구성 | F22: 이사회 성별 다양성 | G22: 이사회가 다양한 이해관계자들의 요구사항을 두루 고려하여 폭넓은 시각과 경험을 바탕으로 중요한 의사결정에 임할 수 있도록 이사회 구성원이 다양한 배경을 가지고 있는지 확인 | 다양성과 포용성의 대표적인 분류인 남성 대비 여성 비율(혹은 여성 대비 남성 비율)을 점검 | H22: 이사회 구성 현황, 전자공시시스템[사업보고서-이사회에 관한 사항] | I22: 지난 1개 회계연도 기준 | J22: N/A | K22: 이사회 여성 비율 = (여성 이사 수 / 전체 이사회 구성원 수) | L22: 단계형 | M22: 5 | N22: 단계형: 1단계=0점 / 2단계=25점 / 3단계=50점 / 4단계=75점 / 5단계=100점 | O22: 1단계 | 이사회 내 여성 이사가 선임되어 있지 않는 경우 | 2단계 | 이사회 내 여성 이사가 1명만 선임되어 있는 경우 | 3단계 | 이사회 내 여성 이사가 2명 이상이며, 그 비율이 10% 이상 ~ 20% 미만인 경우 | 4단계 | 이사회 내 여성 이사가 2명 이상이며, 그 비율이 20% 이상 ~ 30% 미만인 경우 | 5단계 | 이사회 내 여성 이사가 2명 이상이며, 그 비율이 30% 이상인 경우 | * 이사회 내 다수 성(性)이 여성일 경우에는 반대로 적용 | P22: 부분대응 | Q22: KSSB 제1호 문단 27(1) 이사회 역량·다양성 취지 준용 | R22: GRI 405-1 | S22: 1_2_0_업종별 K-ESG 가이드라인(v2.0) 진단항목 | T22: 1 | X22: =IF(T22="","",SUMPRODUCT(('02_점수산정참고표'!$A$2:$A$314=$B22)*('02_점수산정참고표'!$C$2:$C$314=T22)*'02_점수산정참고표'!$E$2:$E$314)) -> 0 | Y22: 조직이 대내외 환경 변화에 유연하게 대처하고 장기적인 지속가능성을 확보하기 위해서는 다양한 시각과 관점에서 당면한 문제를 바라보고 해결할 수 있는 다양한 배경과 경험을 가진 이사를 선임해야 할 필요가 있다. 본 지표는 이러한 다양성을 확인할 수 있는 대표적 기준 중 하나인 성(性) 비율을 통해 이사회 내 성별 다양성을 점검하도록 요구하고 있다. 이사회를 구성하는 이사가 특정 성(性)에 치우치지 않는다는 것은 성별에서 기인하는 특정한 관점, 이해관계 등에서 벗어난 다양한 의견이 이사회의 의사결정에 반영될 수 있다는 것을 의미한다. 특히, 국내의 경우 독립적이고 다양한 전문성을 가지는 사외이사를 선임하는 등의 노력은 지속되고 있으나 이사회의 성별 다양성은 부족한… | Z22: [자동채점] | 근거충분성: 충분 | 근거: [지배구조보고서] 21p. 다만, 이사회 전원 같은 성별로서 다양성을 확보함에 있어 미비한 부분이 존재하기 때문에(5번째 줄) → 이사회 구성원 전원이 동일한 성별로 구성되어 있어 여성 이사가 선임되어 있지 않으므로 1단계에 해당합니다. | 근거페이지: 사업보고서 270p / 지배구조보고서 3~4p, 15p, 18p, 20~22p, 26p, 30p, 32p | AA22: [확인필요] 충분 / 1단계 / 0점 2025년 여성 이사 0명, 26년 현재 있음 [판단근거] 기준표 1단계는 여성 이사가 없는 경우이다. 2025년 말 기준 등기이사 5명의 성별이 모두 남성으로 공시된다. [확인근거] 사업보고서 PDF p.296 / DART p.292, VIII.1 임원 현황에서 김상헌·김인환·박길준·송호근·이기영의 성별이 모두 “남”으로 표시. [감점사유] 여성 이사 0명. [보완 필요 증빙] 다양성 정책, 이사 후보 다양성 기준, 여성 후보군 관리자료, 실제 주총 선임결과. | AB22: 즉시 | AC22: [현재 문제점] 2025년 이사회가 단일 성별로 구성되어 있음. [개선방향] - 여성 비율 30%이상 - 여성 이사를 단순 1명이 아닌 최소 2명으로 확대 - 차기 선임에서 여성 이사를 최소 2명까지 단계적으로 확대해 기준표의 상위구간 진입을 목표화. [필요 근거] 이사회 다양성 정책, 후보군·선정기준, 주총 의안 및 선임 후 구성표 | AD22: 이사회의 다양성과 포용성을 확보하고 폭넓은 시각의 의사결정을 도모하기 위해 전체 대비 여성 이사 비율을 충분히 확보하여 운영하고 있습니까? | AE22: 단계(1~5)
A23: 22 | B23: G-1-5 | C23: 기본진단항목(v2.0) | D23: 지배구조 | E23: 이사회 구성 | F23: 사외이사 전문성 | G23: 사내이사와 사외이사의 정보 비대칭이 존재하는 상황에서 사외이사가 조직의 중장기 발전에 관한 충분한 의견을 제공하거나, 경영진의 의사결정을 견제할 수 있는 전문성을 갖추고 있는지 확인 | 사외이사가 조직의 사업 방향에 대해 전문적인 의견을 제시할 수 있는지 점검 (사외이사가 동종산업의 업무경력을 보유하고 있는지 확인) | H23: 사외이사 경력사항 | I23: 직전 회계연도 | J23: N/A | K23: N/A | L23: 단계형 | M23: 3 | N23: 단계형: 1단계=0점 / 2단계=50점 / 3단계=100점 | O23: 1단계 | 동종산업 경력을 보유한 사외이사가 없는 경우 | 2단계 | 동종산업 경력을 보유한 사외이사가 1명 이상인 경우 | 3단계 | 동종산업 경력을 보유한 사외이사가 50% 이상인 경우 | P23: 완전대응 | Q23: KSSB 제1호 문단 27(1)ㄏ — 이사회 전문성 판단·개발계획 | R23: 지배구조보고서 가이드라인, KCGS | S23: 1_2_0_업종별 K-ESG 가이드라인(v2.0) 진단항목 | T23: 1 | X23: =IF(T23="","",SUMPRODUCT(('02_점수산정참고표'!$A$2:$A$314=$B23)*('02_점수산정참고표'!$C$2:$C$314=T23)*'02_점수산정참고표'!$E$2:$E$314)) -> 0 | Y23: 전문성 있는 사외이사란 사내이사(경영진 등)의 경영의사결정에 대한 제언과 감독 기능을 충실히 이행할 수 있도록 해당 산업 전문지식과 경력을 보유하고 있는 자를 말하다. 이때, 해당 산업 전문지식과 경력이란 한국표준산업분류의 대분류(2자리 코드) 기준 동종산업에서 실무자 또는 경영진으로써 재직하였거나, 관련 연구기관 및 서비스기관에서 종사한 경험이 있는 것을 의미하며, 대학을 포함한 고등교육기관 및 학술기관 경력은 제외한다. 글로벌 ESG 평가기관은 ‘산업 전문성을 갖춘 사외이사 비율’을 평가지표로 운용하고 있으며, 조직은 사외이사 선임 시 평가기관 등이 제시하는 ‘산업 전문성’ 요건을 참고할 수 있다. - (S&P Global) 국제산업분류표준(GICS)… | Z23: [자동채점] | 근거충분성: 불충분 | 근거: [지배구조보고서] 25p. 당사의 사외이사는 상법 및 관계법령에서 요구하는 기본적인 법적 요건을 갖추고 있고, 실무 경험과 전문성을 두루 갖춘 전문가로 구성되어 있습니다.(3번째 줄) → 제공된 근거 자료 내에 사외이사들의 구체적인 경력이나 동종산업(반도체/전자) 종사 여부에 대한 정보가 명시되어 있지 않아 1단계로 판단함. | 근거페이지: 사업보고서 271~272p / 지배구조보고서 18p, 20~22p, 25~29p | AA23: [확인필요] 부분 / 1단계 / 0점 동아타이어 사외이사 경력의 동종산업 업무경력 인정 여부 불명확 [판단근거] 기준표는 동종산업에서의 실무자·경영진 재직 등 업무경력을 요구하며, 1명 이상이면 2단계, 사외이사의 50% 이상이면 3단계다. 이기영 사외이사는 동아타이어공업 사외이사 경력이 있으나 이것을 기준표상의 “동종산업 실무·경영경력”으로 인정할지는 불명확하다. 송호근 사외이사는 학계·사회정책 경력이다. [확인근거] PDF p.288 / DART p.284: 이기영에 대해 “금융감독원 회계조사국장 및 동아타이어공업주식회사 사외이사를 역임”. PDF p.289 / DART p.285: 송호근에 대해 서울대학교 교수·정책자문 경력을 기재. [감점사유] 이기영의 타이어업계 사외이사 경력은 확인되나, 직접적인 산업 실무·경영경력인지 명확하지 않다. 이를 인정하면 2명 중 1명=50%로 3단계가 될 수 있어 점수 민감도가 매우 큰 항목이다. [보완 필요 증빙] 사외이사 상세 경력기술서, KSIC 기준 동종산업 경력 매핑표, 직무·재직형태·경력기간 확인자료. | AB23: 중기 | AC23: [현재 문제점] 현 공시는 전문성을 설명하지만 기준표가 요구하는 ‘동종산업 업무경력’을 명확히 입증하지 못함. [개선방향] 자동차부품·타이어·배터리 등 직접 산업 실무/경영 경험자를 사외이사 후보 기준에 반영. 평가 정의를 먼저 고정한 뒤, 논란 없는 직접 산업 실무·경영경력 보유 사외이사 비율 50% 이상으로 구성 [필요 근거] 경력증명, 상세 CV, 산업분류 매핑표, 후보추천 검토서 | AD23: 동종산업(반도체/전자)에서 경력을 보유한 사외이사가 포함되어 있습니까? | AE23: 단계(1~3)
A24: 23 | B24: G-2-1 | C24: 기본진단항목(v2.0) | D24: 지배구조 | E24: 이사회 활동 | F24: 전체 이사 출석률 | G24: 조직의 최고의사결정기구인 이사회가 검토/심의/의결 기능을 효과적으로 수행하기 위해서는 이사회 구성원의 적극적인 참여가 중요함. 이사회 구성원이 이사회에 참여하여 조직의 성장 및 발전에 관한 제언, 주요안건에 대한 의사결정 행위를 하고 있는지 확인 | 이사회 구성원별 출석률을 평균하여, 전체 이사 출석률이 일정 수준 이상인지 점검 | H24: 이사회 구성 현황, 이사회 회의록 등 | I24: 직전 회계연도 | J24: N/A | K24: 이사회 구성원 평균 출석률 = ∑(출석한 전체 이사 인원 수 / 전체 이사 정원) / 이사회 개최 횟수 | L24: 단계형 | M24: 5 | N24: 단계형: 1단계=0점 / 2단계=25점 / 3단계=50점 / 4단계=75점 / 5단계=100점 | O24: 1단계 | 이사회 구성원 평균 출석률이 75% 미만인 경우 | 2단계 | 이사회 구성원 평균 출석률이 75% 이상 85% 미만인 경우 | 3단계 | 이사회 구성원 평균 출석률이 85% 이상 90% 미만인 경우 | 4단계 | 이사회 구성원 평균 출석률이 90% 이상 95% 미만인 경우 | 5단계 | 이사회 구성원 평균 출석률이 95% 이상인 경우 | P24: 부분대응 | Q24: KSSB 제1호 문단 27(1)ㄒ — 보고주기 준용 | R24: GRI 2-9 | S24: 1_2_0_업종별 K-ESG 가이드라인(v2.0) 진단항목 | T24: 5 | X24: =IF(T24="","",SUMPRODUCT(('02_점수산정참고표'!$A$2:$A$314=$B24)*('02_점수산정참고표'!$C$2:$C$314=T24)*'02_점수산정참고표'!$E$2:$E$314)) -> 100 | Y24: ｢상법｣에서는 이사의 이사회 출석의무를 규정하고 있지 않으나, 이사 출석률은 이사가 수행해야 할 역할을 충실히 하고 있는지를 대변하는 중요한 지표가 된다. 특히 ｢상법｣ 제393조 제4항은 “이사는 3월에 1회 이상 업무의 진행사항을 이사회에 보고하여야 한다”라고 규정하고 있으며, 이를 해석하면 업무 진행사항을 보고하는 ‘사내이사’와 보고받는 ‘사외이사’가 1년 동안 최소 4회는 이사회에 참여하여야 한다는 것이다. 이사회 참여는 법/규제를 벗어나지 않는 범위에서 선관주의에 따른 이사회 구성원의 자율사항이다. 따라서 개별 이사에 대해 이사회 참여를 강제할 수 없으나, 이사회 구성원의 참여가 저조하거나 소극적인 경우, 이를 강제하기 위한 방식에는 다음과 같은… | Z24: [자동채점] | 근거충분성: 충분 | 근거: ⚠️[출처 미확정, 검색 1위 후보로 대체] [지배구조보고서] 32p. 이사 평균 출석률 (%) | 정기 100 | 임시 100(줄 위치 특정 실패) → 제시된 근거에서 이사 평균 출석률이 100%로 확인되어 95% 이상인 5단계 요건을 충족함. | 근거페이지: 사업보고서 270p / 지배구조보고서 5p, 22p, 28p, 30p, 32~33p, 35~36p, 41p | AA24: 충분 / 5단계 / 100점 [판단근거] 95% 이상이 5단계이며 5명 모두 100%. [확인근거] 사업보고서 DART p.283 이사 5명 각각 “출석률:100%”. [감점사유] 없음. [보완] 참석대장·연간 산출표. | AB24: 장기 | AC24: 현재 상태 유지관리 필요 [현재 문제점] 정량 출석률은 우수하지만 이사의 실질적 기여 수준은 출석률만으로 설명되지 않음 [개선방향] 참석률과 함께 사전자료 제공·질의·의견반영 실적을 관리. [필요 근거] 회의별 참석대장, 사전자료 발송기록, 질의응답·의견반영 자료. | AD24: 이사회 전체 이사 평균 출석률이 75% 수준 이상입니까? | AE24: 단계(1~5)
A25: 24 | B25: G-2-2 | C25: 기본진단항목(v2.0) | D25: 지배구조 | E25: 이사회 활동 | F25: 사내이사 출석률 | G25: 조직의 최고의사결정기구인 이사회가 검토/심의/의결 기능을 효과적으로 수행하기 위해서는 이사회 구성원의 적극적인 참여가 중요함. 특히, 조직의 사업운영을 총괄하는 사내이사가 적극적으로 이사회에 참여하고 있는지 확인 | 이사회 구성원 중 전체 사내이사 출석률이 일정 수준 이상인지 점검 | H25: 이사회 구성 현황, 이사회 회의록 등 | I25: 직전 회계연도 | J25: N/A | K25: 사내이사 평균 출석률 = ∑(출석한 사내 이사 인원 수 / 전체 이사 정원) / 이사회 개최 횟수 | L25: 단계형 | M25: 5 | N25: 단계형: 1단계=0점 / 2단계=25점 / 3단계=50점 / 4단계=75점 / 5단계=100점 | O25: 1단계 | 사내이사 평균 출석률이 75% 미만인 경우 | 2단계 | 사내이사 평균 출석률이 75% 이상 85% 미만인 경우 | 3단계 | 사내이사 평균 출석률이 85% 이상 90% 미만인 경우 | 4단계 | 사내이사 평균 출석률이 90% 이상 95% 미만인 경우 | 5단계 | 사내이사 평균 출석률이 95% 이상인 경우 | P25: GAP(대응지표 없음) | Q25: KSSB 별도 규정 없음 | R25: 지배구조보고서 가이드라인 | S25: 1_2_0_업종별 K-ESG 가이드라인(v2.0) 진단항목 | T25: 5 | X25: =IF(T25="","",SUMPRODUCT(('02_점수산정참고표'!$A$2:$A$314=$B25)*('02_점수산정참고표'!$C$2:$C$314=T25)*'02_점수산정참고표'!$E$2:$E$314)) -> 100 | Y25: ｢상법｣에서는 이사의 이사회 출석의무를 규정하고 있지 않으나, 이사 출석률은 이사가 수행해야 할 역할을 충실히 하고 있는지를 대변하는 중요한 지표가 된다. 특히 ｢상법｣ 제393조 제4항은 “이사는 3월에 1회 이상 업무의 진행사항을 이사회에 보고하여야 한다”라고 규정하고 있으며, 이를 해석하면 업무 진행사항을 보고하는 ‘사내이사’와 보고받는 ‘사외이사’가 1년 동안 최소 4회는 이사회에 참여하여야 한다는 것이다. 이사회 참여는 법/규제를 벗어나지 않는 범위에서 선관주의에 따른 이사회 구성원의 자율사항이다. 따라서 사내이사에 대해 이사회 참여를 강제할 수 없으나, 사내이사의 참여가 저조하거나 소극적인 경우 이를 강제하기 위한 방식에는 다음과 같은 것들이 있다.… | Z25: [자동채점] | 근거충분성: 충분 | 근거: ⚠️[출처 미확정, 검색 1위 후보로 대체] [지배구조보고서] 33p. 김상헌(출석률:100%), 김원종(출석률: 100%), 김인환(출석률:100%), 박길준(출석률:100%)(줄 위치 특정 실패) → 2024년 재직한 모든 사내이사의 이사회 출석률이 100%로, 95% 이상인 5단계 기준을 충족함. | 근거페이지: 사업보고서 270p / 지배구조보고서 5p, 15p, 18p, 20p, 22p, 26~27p, 30p, 32~33p, 41p | AA25: 충분 / 5단계 / 100점 [판단근거] 사내이사 김상헌·김인환·박길준 모두 100%. [확인근거] 사업보고서 DART p.283. [감점사유] 없음. [보완] 회의별 사내이사 참석표. | AB25: 장기 | AC25: 현재 상태 유지관리 필요 [현재 문제점] 출석은 우수하지만 안건별 사내이사 검토 흔적이 제한적. [개선방향] 투자·내부통제·안전보건 안건 사전검토를 기록. [필요 근거] 검토메모, 질의표, 회의록 별첨, 후속조치 대장. -> 현 상태 유지. 다만 주요 투자·보증·내부통제 안건에 대해 사내이사별 전문 검토 의견을 남기면 G-2-4 개선에도 연결 가능 | AD25: 경영진 책임 강화를 위해 이사회 수성원 중 전체 사내이사 출석률이 75% 수준 이상입니까? | AE25: 단계(1~5)
A26: 25 | B26: G-2-3 | C26: 기본진단항목(v2.0) | D26: 지배구조 | E26: 이사회 활동 | F26: 이사회 산하 위원회 | G26: 이사회가 효율적으로 운영될 수 있도록 이사회 권한 및 역할의 일부를 산하 위원회에 위임하고 있는지, 각 소위원회는 위임받은 권한 및 역할에 대해 전문적인 시각으로 검토하는지를 확인 | 조직마다 이사회 산하 위원회 수와 종류는 다양하며, 각 조직의 경영방식 및 사업환경에 따라 위원회 수를 달리할 수 있음. 따라서 이사회 산하 위원회 수가 많고 적음을 떠나, 위원회가 체계적이고 효과적으로 운영되고 있는지 점검 | H26: 이사회 산하 위원회 운영규정, 구성현황, 활동내역 | I26: 직전 회계연도 | J26: N/A | K26: N/A | L26: 선택형 | M26: 5 | N26: 선택형 (5가지 형식적 요건의 충족 개수에 따른 점수 부여) | 세부 배점 기준: 1개 이하 충족=0점 / 2개 충족 = 25점 / 3개 충족= 50점 / 4개 충족= 75점 / 5개 충족= 100점 | O26: 요건1 | 이사회 산하 모든 위원회 설치는 정관에 근거하고 있으며, 모든 위원회에 대해 ‘운영규정’을 제정하고 있는 경우 | 요건2 | 특정 이사(사내이사, 사외이사, 기타비상임이사)가 이사회 산하 모든 위원회의 구성원으로 선임되어 있지 않은 경우 | 요건3 | 이사회 산하 모든 위원회가 구성원의 과반수 이상을 사외이사로 선임하고 있는 경우 | 요건4 | 직전 회계연도 중 이사회 산하 위원회 개최 횟수가 평균적으로 3회 이상인 경우 | 요건5 | 직전 회계연도 중 이사회 산하 모든 위원회가 심의/의결 안건을 다룬 경우 | P26: 부분대응 | Q26: KSSB 제1호 문단 27(1)① 위임기구 지정 준용 | R26: 지배구조보고서 가이드라인 | S26: 1_2_0_업종별 K-ESG 가이드라인(v2.0) 진단항목 | T26: 1 | X26: =IF(T26="","",SUMPRODUCT(('02_점수산정참고표'!$A$2:$A$314=$B26)*('02_점수산정참고표'!$C$2:$C$314=T26)*'02_점수산정참고표'!$E$2:$E$314)) -> 0 | Y26: 조직의 모든 중요 안건을 이사회에서 검토하고 의사결정을 내리는 것은 비효율적이다. 따라서 전문성을 요구하는 특정 사안이나, 안건 심의에 있어 독립성이 필요한 사안에 대해서는 이사회 산하 위원회를 통해 검토하게 함으로써, 이사회 운영의 효율성을 제고할 수 있다. ｢상법｣ 제393조의2에서는 이사회가 위원회에 위임할 수 있는 사항을 폭넓게 인정하고 있다. 법에서 제한하고 있는 사항 이외에는 위임이 가능하다. 즉 이사회는 주주총회의 승인을 요하는 사항의 제안, 대표이사의 선임 및 해임, 위원회의 설치와 그 위원의 선임 및 해임, 정관에서 정하는 사항을 제외하고는 그 권한을 위원회에 위임할 수 있다. - ｢상법｣에서는 이사회 내 위원회를 설치할 경우, 해당 위원회에는… | Z26: [자동채점] | 근거충분성: 충분 | 근거: [지배구조보고서] 34p. 당사는 별도의 이사회 내 위원회를 설치하고 있지 않습니다.(11번째 줄) → 이사회 산하 위원회를 설치하고 있지 않아 모든 요건을 충족하지 못하므로 1단계(0점)에 해당함. | 근거페이지: 지배구조보고서 3p, 15p, 18~19p, 28p, 30p, 33~36p, 39p, 41p | AA26: 부분 / 확인 가능한 충족요건 1개 이하 / 0점 [판단근거] 위원회 설치 근거는 일부 있으나 실제 운영규정·구성·활동내역 증빙 부족 [확인근거] 사업보고서 DART p.285는 당시 감사위원회 미설치를 명시. 2026년 주총자료 p.5~7의 위원회·감사위원회 정비는 후속개선으로만 분리. [감점] 규정·구성·연 3회·심의실적 미입증. [보완] 위원회별 규정·명부·회의록. | AB26: 즉시 | AC26: [현재 문제점] 위원회 설치 근거는 있으나 평가 가능한 실제 운영 패키지가 없음. [개선방향] 핵심 위원회를 정식 설치하고 규정·구성·연간 회의계획을 동시에 설계. -> ESG위원회·감사위원회·후보추천위원회 등 각 위원회별 운영규정, 구성표, 개최실적, 안건 목록, 의사록을 세트로 정비. 특정 이사에게 위원회가 집중되지 않도록 배분 [필요 근거] 정관, 위원회규정, 위원 명단, 회의계획, 안건·의사록 | AD26: 이사회 산하 모든 위원회가 정관 및 운영규정에 근거하여 설치·운영되고, 특정 이사의 전 위원회 겸임 방지 및 과반수 사외이사 구성을 갖추었으며, 직전 회계연도에 평균 3회 이상 개최되어 심의·의결 안건을 다루었습니까? | AE26: 선택형(요건 충족 수)
A27: 26 | B27: G-2-4 | C27: 기본진단항목(v2.0) | D27: 지배구조 | E27: 이사회 활동 | F27: 이사회 안건 처리 | G27: 이사회 구성원이 상정된 안건에 대해 독립적/전문적/다양한 시각으로 수정 및 보완 의견을 제시하고 있거나, 특히 조직에 리스크가 될 수 있는 안건에 대해서는 적극적인 반대 의견을 제시하는지 확인 | 이사회 심의/의결 안건 중 원안대로 가결되지 않은 안건이나 원안에 반대한 이사, 그리고 가결되지 않거나 안건에 반대한 사유를 점검 | H27: 이사회 구성 현황, 이사회 회의록 등 | I27: 지난 1개 회계연도 기준 | J27: N/A | K27: 수정, 보완 및 반대 의견이 나타난 안건 수 / 전체 이사회 상정 안건 수 | L27: 단계형 | M27: 3 | N27: 단계형: 1단계=0점 / 2단계=50점 / 3단계=100점 | O27: 1단계 | 안건에 대한 수정, 보완, 반대하는 의견이 한 건도 없는 경우 | 2단계 | 안건에 대한 수정, 보완, 반대하는 의견이 한 건 이상 존재하는 경우 | 3단계 | 안건에 대한 수정, 보완, 반대하는 의견이 5% 이상 존재하는 경우 | P27: GAP(대응지표 없음) | Q27: KSSB 별도 규정 없음 | R27: 지배구조보고서 가이드라인 | S27: 1_2_0_업종별 K-ESG 가이드라인(v2.0) 진단항목 | T27: 1 | X27: =IF(T27="","",SUMPRODUCT(('02_점수산정참고표'!$A$2:$A$314=$B27)*('02_점수산정참고표'!$C$2:$C$314=T27)*'02_점수산정참고표'!$E$2:$E$314)) -> 0 | Y27: 본 항목은 ‘이사회 구성원이 자유로운 의견을 개진하고 있는지’를 확인하기 위해 설계한 항목으로써, 전체 이사회 안건 처리 중 수정/부결 비율을 측정하는 방법 外 1) 이사회 의사진행에 관한 경과와 결과를 기재하고 있는 의사록 上 논의사항을 확인하는 방법, 2) 이사회 구성원의 안건 검토를 위한 개별 자료제공 요청사항을 확인하는 방법 등으로 ‘이사회 구성원의 자유로운 의견 개진 현황’을 확인할 수 있다. 이사회가 합리적인 의사결정과 경영감독을 수행하기 위해서는 각 이사들이 충분하고 올바른 정보를 가지고 있어야 한다. 이러한 정보는 경영진들 및 실무진의 보고, 개인적인 조사, 실적조사 등 다양한 방식으로 수집될 수 있으며, 이사회 구성원들은 이러한 자료를 사전에… | Z27: [자동채점] | 근거충분성: 충분 | 근거: [지배구조보고서] 7p. 당사는 이사회 토의 내용 및 반대 사유, 결의견, 결의사항을 정리하여 의사록을 작성하고 있으나, 개별 이사들의 찬성, 반대 의견만 나누어 기록하고, 토의 내용을 개별 이사들마다 기록하지는 않습니다.(8번째 줄) → 제시된 이사회 안건 목록에서 모든 안건이 '가결'된 것으로 확인되며, 수정·보완·반대 의견이 제시된 안건이 없으므로 1단계에 해당합니다. | 근거페이지: 사업보고서 272p / 지배구조보고서 5~7p, 18p, 22p, 30~31p, 33p, 35~36p | AA27: 점수 변동 없음, 충분 / 1단계 / 0점 [판단근거] 수정·보완·반대가 의견이 없어 1단계. [확인근거] 사업보고서 DART p.283~284에서 안건 결과가 모두 “가결”, 이사별 의견이 “찬성”. [감점] 수정·보완·반대 의견으로 집계 가능한 공시근거 없음. [보완] 실제 질의·수정·조건부 승인 등의 기록. | AB27: 즉시 | AC27: [현재 문제점] 최종 의결결과만 보여 실질 검토과정이 드러나지 않음. [개선방향] 독립적 심의 증빙 확보 필요, 실제 발생한 질의·보완·조건을 의사록에 구조화, 이사회 안건 검토 메모” 제도화. 안건별 사전질의, 보완요청, 조건부 승인, 리스크 검토 의견을 의사록 또는 별첨자료 [필요 근거] 사전질의표, 수정이력, 조건부 승인·보완요청, 후속조치. 인위적인 반대의견을 만들지 않는 것이 원칙 | AD27: 이사회 안건 중 수정·보완·반대 의견이 제시된 안건이 전혀 없습니까(1단계), 1건 이상 존재합니까(2단계), 아니면 5% 이상 존재합니까(3단계)? | AE27: 단계(1~3)
A28: 27 | B28: G-3-1 | C28: 기본진단항목(v2.0) | D28: 지배구조 | E28: 주주권리 | F28: 주주총회 소집 공고 | G28: 주주가 주주총회 참석 전 충분하고 합리적인 판단을 내릴 수 있도록, 주주에게 주주총회 개최 일자, 장소, 안건, 기타 재무사항 등의 정보를 담은 주주총회 소집 공고를 다양한 채널로 전달하는지 확인 | 조직이 주주총회 소집을 공고하는 방법을 점검 | H28: 주주총회 소집 통지서 外 다음의 방식에 따른 공고 1) 조직의 사업장 게시판, 2) 조직의 온라인 홈페이지, 3) 명의개서대행사, 4) 일간지(신문), 5) 전자공시시스템, 6) 기타 | I28: 직전 회계연도 | J28: N/A | K28: N/A | L28: 단계형 | M28: 5 | N28: 단계형: 1단계=0점 / 2단계=25점 / 3단계=50점 / 4단계=75점 / 5단계=100점 | O28: 1단계 | 주주총회 소집 공고를 서면으로만 통지하거나, 주주의 동의를 받아 전자문서로만 하는 경우 | 2단계 | 서면 또는 전자문서로 통지하는 방식 外 1개의 추가 방식을 이용하는 경우 | 3단계 | 서면 또는 전자문서로 통지하는 방식 外 2개의 추가 방식을 이용하는 경우 | 4단계 | 서면 또는 전자문서로 통지하는 방식 外 3개의 추가 방식을 이용하는 경우 | 5단계 | 서면 또는 전자문서로 통지하는 방식 外 4개 이상의 추가 방식을 이용하는 경우 | P28: GAP(대응지표 없음) | Q28: KSSB 주주총회 절차 별도 규정 없음 | R28: 지배구조보고서 가이드라인 | S28: 1_2_0_업종별 K-ESG 가이드라인(v2.0) 진단항목 | T28: 4 | X28: =IF(T28="","",SUMPRODUCT(('02_점수산정참고표'!$A$2:$A$314=$B28)*('02_점수산정참고표'!$C$2:$C$314=T28)*'02_점수산정참고표'!$E$2:$E$314)) -> 75 | Y28: 기업은 주주총회의 개최 일시, 장소 및 의안에 관한 정보를 사전에 주주에게 제공해야 한다. 주주에게 제공되는 정보는 주주가 의안을 사전에 검토하여 객관적이고 합리적인 판단을 내릴 수 있도록 충분해야 하며, 주주총회의 개최 일시와 장소는 최대한 많은 주주가 참여할 수 있도록 충분한 기간 전에 서면 또는 주주의 동의하에 전자문서로 통지하여야 한다. ｢상법｣ 제363조에서는 주주총회 소집 통지와 관련하여 아래의 사항들을 명시하고 있다. 1) 주주총회를 소집할 때에는 주주총회일의 2주 전에 각 주주에게 서면으로 통지를 발송하거나 각 주주의 동의를 받아 전자문서로 통지를 발송하여야 한다. 다만, 그 통지가 주주명부상 주주의 주소에 계속 3년간 도달하지 아니한 경우에는… | Z28: [자동채점] | 근거충분성: 충분 | 근거: [지배구조보고서] 4p. 주주총회 관련사항 주주통보 방법 | 소집통지서 발송, 금감원 및 거래 소 전자공시시스템(9번째 줄) → 서면 통지(소집통지서 발송) 외에 전자공시시스템(DART) 공시라는 1개의 추가 방식을 활용하고 있어 2단계에 해당함. | 근거페이지: 사업보고서 14p, 267p, 295p / 지배구조보고서 3~8p, 12p, 30p | AA28: 점수 변동 있음, 충분 / 4단계 / 75점 [판단근거] 추가 공고채널 3개로 보수적 산정., 2026 정기주총 공고는 한국예탁결제원 비치 + 전자공시시스템 + 회사 홈페이지를 명시. 사업보고서 DART p.288, 명의개서대리인이 한국예탁결제원 증권대행부임을 확인시켜 세 가지 추가 방식의 근거가 완성됨. 본점 비치는 엑셀의 “사업장 게시판”과 표현이 달라 방어적으로 추가 카운트하지 않음 [확인근거] 주총공고 p.1은 본점·한국예탁결제원 비치 및 전자공시시스템·홈페이지 공시를 명시. 사업보고서 DART p.288에는 홈페이지 공고와 예외 시 한국경제신문 공고가 규정됨. [감점] 본점 ‘비치’를 사업장 ‘게시판’으로 단정하지 않고, 신문도 실제 사용자료가 없으므로 미산입 | AB28: 즉시 | AC28: [현재 문제점] ‘비치’와 ‘게시’의 표현 차이로 평가 해석 가능성이 남음. [개선방향] 실제 사용 채널을 유형별로 명시. - 공고 채널 근거는 좋음. 다만 채점자가 ‘비치’를 공고 방식으로 인정할지 해석 여지 -> 소집공고 본문에 “홈페이지, DART, 한국예탁결제원, 본점 게시/비치, 일간지 또는 기타 채널”을 명확히 열거하도록 표준 문구화 [필요 근거] 홈페이지 캡처, DART 접수증, 예탁결제원 확인자료, 채널 체크리스트 | AD28: 귀사는 주주총회 소집 공고 시 서면 또는 전자문서 통지 외에 추가 공고 방식(사업장 게시판, 온라인 홈페이지, 명의개서대행사, 일간지, 전자공시 등)을 전혀 활용하지 않습니까(1단계), 1개(2단계), 2개(3단계), 3개(4단계), 아니면 4개 이상(5단계) 활용하고 있습니까? | AE28: 단계(1~5)
A29: 28 | B29: G-3-2 | C29: 기본진단항목(v2.0) | D29: 지배구조 | E29: 주주권리 | F29: 주주총회 집중일 이외 개최 | G29: 주주가 주주총회의 안건을 검토하고 분석하기 위한 충분한 시간과 여건이 확보될 수 있도록 주주총회가 개최되고 있는지 확인 | 조직이 주주총회 개최일을 지정하는데 있어, 주주를 포함한 주주총회 관련 내/외부 이해관계자의 의견수렴 과정을 진행하고 있는지를 점검 | H29: 주주총회 개최일, 주주총회 개최 계획 | I29: 직전 회계연도 | J29: N/A | K29: N/A | L29: 선택형 | M29: 5 | N29: 선택형 (5가지 형식적 요건의 충족 개수에 따른 점수 부여) | 세부 배점 기준: 1개 이하 충족=0점 / 2개 충족 = 25점 / 3개 충족= 50점 / 4개 충족= 75점 / 5개 충족= 100점 | O29: 요건1 | 주주총회 개최일을 지정하는데 있어, 재무결산 및 감사보고서 발행일을 고려함 | 요건2 | 주주총회 개최일을 지정하는데 있어, 조직의 연간 업무계획 및 경영진 등의 업무일정을 고려함 | 요건3 | 주주총회 개최일을 지정하는데 있어, 연기금, 기관투자자, 의결권자문사 등의 주요 시장 참여자 의견을 수렴함 | 요건4 | 주주총회 개최일을 지정하는데 있어, 소액주주 및 기타 이해관계자 등의 의견을 수렴함 | 요건5 | 주주총회 개최일을 지정하는데 있어, 주주총회 예상 집중일을 고려함 | P29: GAP(대응지표 없음) | Q29: KSSB 별도 규정 없음 | R29: 지배구조보고서 가이드라인 | S29: 1_2_0_업종별 K-ESG 가이드라인(v2.0) 진단항목 | T29: 2 | X29: =IF(T29="","",SUMPRODUCT(('02_점수산정참고표'!$A$2:$A$314=$B29)*('02_점수산정참고표'!$C$2:$C$314=T29)*'02_점수산정참고표'!$E$2:$E$314)) -> 25 | Y29: 기업은 주주총회의 개최 일시, 장소 및 의안에 관한 정보를 사전에 주주에게 제공해야 한다. 주주에게 제공되는 정보는 주주가 의안을 사전에 검토하여 객관적이고 합리적인 판단을 내릴 수 있도록 충분해야 하며, 주주총회의 개최 일시와 장소는 최대한 많은 주주가 참여할 수 있도록 충분한 기간 전에 서면 또는 주주의 동의하에 전자문서로 통지하여야 한다. ｢상법｣ 제363조에서는 주주총회를 소집하기 위해 아래의 사항을 통지할 것을 명시하고 있다. 1) 주주총회를 소집할 때에는 주주총회일의 2주 전에 각 주주에게 서면으로 통지를 발송하거나 각 주주의 동의를 받아 전자문서로 통지를 발송하여야 한다. 다만, 그 통지가 주주명부상 주주의 주소에 3년간 지속적으로 도달하지 아니한… | Z29: [자동채점] | 근거충분성: 충분 | 근거: [지배구조보고서] 5p. 당사는 의결정족수 확보 및 주주의 의결권 행사의 편의를 위하여 주주총회 집중 예상일 이외의 날에 주주총회를 개최하고자 노력하고 있으며, 이를 위하여 연결대상 종속기업들의 결산 일정과 회계법인의 감사 일정, 연결재무제표 작성 및 연결감사일정 등을 관리하고 있습니다.(1번째 줄) → 재무결산 및 감사보고서 발행일(요건1)과 내부 업무일정(요건2)을 고려하고 있으나, 시장 참여자 및 소액주주 의견 수렴에 대한 구체적인 근거가 없어 2단계에 해당함. | 근거페이지: 사업보고서 251p, 294p / 지배구조보고서 3~6p, 9p, 11p, 14p, 22p, 30p | AA29: 근거 부족 / 확인 가능한 충족 요건 없음 / 0점 [판단근거] 기준의 5개 고려요인을 실제 검토했다는 자료 없음. 2026.03.20 개최일 자체는 확인되지만 재무결산·감사보고서 발행일, 업무일정, 이해관계자 의견수렴, 예상 집중일 검토 등 개최일 선정 프로세스 5요건의 증빙이 없음 [확인근거] 주총공고 p.1에서 2026.3.20 09:00 개최만 확인. [감점] 날짜 자체는 집중일을 고려했다는 증거가 아님. [보완] 주총일 선정 검토서·일정·의견수렴 자료 | AB29: 즉시 | AC29: [현재 문제점] 주총일은 알 수 있지만 날짜 선정의 합리성을 평가할 자료가 없음. [개선방향] 5개 평가요건을 그대로 반영한 ‘주총일 선정 체크리스트’를 의무화. [필요 근거] 일정 검토서, 집중일 확인자료, 투자자 의견수렴 기록, 승인결재. | AD29: 주주총회 개최일 지정 시 재무결산·감사보고서 발행일 및 내부 업무일정을 고려하고, 주요 시장 참여자(연기금·기관투자자·의결권자문사)와 소액주주의 의견을 수렴하며, 주주총회 예상 집중일을 반영하고 있습니까? | AE29: 선택형(요건 충족 수)
A30: 29 | B30: G-3-3 | C30: 기본진단항목(v2.0) | D30: 지배구조 | E30: 주주권리 | F30: 집중/전자/서면 투표제 | G30: 조직의 모든 주주가 의결권을 용이하게 행사할 수 있으며, 소수주주에게 이해관계를 대변할 수 있는 이사 선임 기회를 제공하고 있는지 확인 | 국내 ｢상법｣ 上 조직의 자율적 의사결정에 따라 선택할 수 있는 소수주주 보호장치인 ‘서면투표제’, ‘전자투표제’, ‘집중투표제’ 도입 여부를 점검 | H30: 조직의 정관, 이사회 결의사항 | I30: 직전 회계연도 | J30: N/A | K30: N/A | L30: 복합가중형 | N30: 복합가중형 (3개 세부요소의 가중평균) | 최종 점수 = (집중투표제 점수 × 1/5) + (서면투표제 점수 × 2/5) + (전자투표제 점수 × 2/5) | 배점기준: 1단계 0점, 2단계 100점 *각 영역별 달성 단계(1~2단계) 산출 후 가중평균 산식에 따라 산정 | O30: 집중투표제 도입(1/5) | 서면투표제 도입(2/5) | 전자투표제 도입(2/5) 1단계 | 정관에서 집중투표제를 배제하고 있다. | 정관에서 서면투표제를 배제하고 있다. | 정관에서 전자투표제를 배제하고 있다. 2단계 | 정관에서 집중투표제를 명시하고 있다. | 정관에서 서면투표제를 명시하고 있다. | 정관에서 전자투표제를 명시하거나, 이사회 결의로 도입하고 있다. | P30: GAP(대응지표 없음) | Q30: KSSB 별도 규정 없음 | R30: 지배구조보고서 가이드라인 | S30: 1_2_0_업종별 K-ESG 가이드라인(v2.0) 진단항목 | T30: 해당없음(복합가중형) | X30: 40 | Y30: 조직은 주주가 보유하고 있는 기본적인 권리 행사, 재산 보호, 이해관계 대변 등을 용이하게 할 수 있도록 직접적 또는 간접적인 방법을 의결권을 행사할 수 있는 기회를 보장해야 한다. 주주의 의결권 행사 용이성을 높일 수 있는 장치로는 ‘서면투표제’와 ‘전자투표제’가 있다. 주주가 직접 출석하지 않더라도 의결권을 행사할 수 있는 장치를 마련한다면, 조직의 중요한 의사결정에 주주의 의사를 결집하여 반영할 수 있고, 조직에 대한 견제/감독도 수월해지게 된다. 또한, 조직은 주주총회에 소요되는 경비를 절감할 수 있으며, 더 나아가 조직이 필요로 하는 안건에 대해 의결권을 확보하는 데에 도움이 될 수 있다. - 국제기업지배구조네트워크인 ICGN이 2014년 발표한 ｢적극적… | Z30: [자동채점] | 근거충분성: 충분 | 근거: [집중투표제, 가중치0.20] [지배구조보고서] 22p. 당사는 집중투표제를 정관에서 배제하고 있어 채택하고 있지는 않습니다.(8번째 줄) → 제공된 근거 자료에서 회사가 정관을 통해 집중투표제를 배제하고 있다고 명시하고 있습니다. (0점) / [서면투표제, 가중치0.40] [지배구조보고서] 6p. 상법 제368조의3은 정관에서 정함에 따라 주주총회에 출석하지 않고 서면에 의해 의결권을 행사할 수 있는 서면투표제를 도입할 수 있도록 하고 있으나, 당사는 정관에 서면투표 관련 근거 조항을 마련하고 있지 않습니다.(9번째 줄) → 회사는 서면투표제 도입을 위한 정관상 근거 조항을 마련하고 있지 않으므로 정관에서 배제된 상태로 판단됩니다. (0점) / [전자투표제, 가중치0.40] [지배구조보고서] 7p. 주주들의 의결권 행사 편의성과 투표율 제고를 위해 전자투표제 및 의결권 대리행사 권유에 대한 제도적인 도입을 검토 중 입니다.(2번째 줄) → 현재 전자투표제를 도입하고 있지는 않으나, 제도 도입을 검토 중이라고 명시하고 있으므로 정관 명시 또는 이사회 결의를 통한 도입 가능성이 열려 있습니다. (100점) | 근거페이지: 사업보고서 267p, 275p / 지배구조보고서 3~7p, 11p, 17p, 22p | [AI검토필요] 복합가중형(정밀계산) - 표본검증 권장 | AA30: 충분 / 복합가중형 / 집중1단계X1/5 + 서면 1단계X2/5 + 전자 1단계X2/5 = 0점 [판단근거] 기준표는 집중투표제 20%, 서면투표제 40%, 전자투표제 40%의 복합가중형이다. 세 제도가 모두 미도입·배제되어 각 영역 점수가 0이다. [확인근거] PDF p.291 / DART p.287, VI.3.1 투표제도 현황: 집중투표제 “배제”, 서면투표제 “미도입”, 전자투표제 “미도입”, 실시여부 모두 “해당사항없음”. [감점사유] 세 제도 중 채점 가능한 도입제도가 없음. [보완 필요 증빙] 전자투표 도입 이사회결의, 정관 개정본, 전자투표 이용계약 및 실제 주총 운영결과. | AB30: 즉시 | AC30: [현재 문제점] 소수주주·원격주주의 의결권 행사수단이 제한적. [개선방향] 전자투표 우선 도입 → 서면투표 검토 → 집중투표 배제정책 재검토 순으로 추진 [필요 근거] 이사회결의, 정관, 전자투표 계약·주총 결과보고서 | AD30: 집중/전자/서면 투표제에 대한 현황을 관리·공시하고 있습니까? | AE30: 단계(1~2)/복합가중형
A31: 30 | B31: G-3-4 | C31: 기본진단항목(v2.0) | D31: 지배구조 | E31: 주주권리 | F31: 배당정책 및 이행 | G31: 조직이 주주가치 증진 및 투자의사결정에 필요한 배당 관련 정보를 적시에 충분하게 안내하고, 적절하게 배당을 실시했는지 확인 | 주주에게 배당정책 및 배당계획을 충실히 통지함과 동시에, 배당정책 및 배당계획에 따라 실제 배당을 진행하였는지 점검 | H31: 배정정책, 현금현물배당결정 | I31: 직전 회계연도 | J31: N/A | K31: N/A | L31: 단계형 | M31: 3 | N31: 단계형: 1단계=0점 / 2단계=50점 / 3단계=100점 | O31: 1단계 | 주주에게 배당정책 및 배당계획을 통지하지 아니한 경우 | 2단계 | 주주에게 배당정책 및 배당계획을 연 1회 이상 통지한 경우 | 3단계 | 주주에게 배당정책 및 배당계획을 연 1회 인상 통지하였으며, 배당정책 및 배당계획대로 배당을 집행한 경우 | P31: GAP(대응지표 없음) | Q31: KSSB 별도 규정 없음 | R31: 지배구조보고서 가이드라인, 한국거래소 지침 | S31: 1_2_0_업종별 K-ESG 가이드라인(v2.0) 진단항목 | T31: 3 | X31: =IF(T31="","",SUMPRODUCT(('02_점수산정참고표'!$A$2:$A$314=$B31)*('02_점수산정참고표'!$C$2:$C$314=T31)*'02_점수산정참고표'!$E$2:$E$314)) -> 100 | Y31: 배당정책이란 조직의 향후 배당목표에 대해 주주에게 제공하는 설명으로서, 배당수준의 유지, 확대, 축소에 관한 방향성, 배당목표 결정 시 사용된 재무지표와 이를 산출한 방법, 기타 자사주 매입 및 소각 계획 등을 포함해야 한다. 또한, 조직의 당해연도 배당계획에는 아래의 정보들이 포함되어야 한다. - 배당규모 : 주당배당금, 배당수익률 - 배당성향 : 배당수준 유지, 확대, 축소 - 배당형태 : 현금배당, 주식배당, 기타 현물배당 - 배당시기 : 분기배당, 중간배당, 결산배당 조직의 단순한 배당성향 및 배당수익률 증가는 주주가치 증진과 직접 연계되어 있지 않다. 해당 항목은 주주가치 증진을 위해 배당성향 및 배당수익률 증가를 요구하는 것이 아니라, 주주가… | Z31: [자동채점] | 근거충분성: 충분 | 근거: [지배구조보고서] 8p. 24년부터 연간 배당금액과 자기주식 취득 및 소각금액의 합산이 주당 800원이상이 되도록 하는 주주가치 제고정책을 수립하여 시행하고 있습니다. ... 24년 연간 배당금액은 중간배당과 결산배당을 합하여 주당 1,000원을 배당하였습니다.(7번째 줄) → 주주가치 제고 정책을 수립하여 주주에게 통지하였으며, 해당 정책에서 제시한 주당 800원 이상의 주주환원 목표를 초과 달성(주당 1,000원 배당)하여 3단계 요건을 충족함. | 근거페이지: 사업보고서 251~252p, 293~294p / 지배구조보고서 3p, 8~10p, 12p, 44p | AA31: 충분 / 3단계 / 100점 후보 [판단근거] 기준표 최고단계는 배당정책·계획을 연 1회 이상 알리고 그 정책·계획대로 집행한 경우다. 사업보고서는 배당 결정원칙과 향후 유지계획을 공시하고, 2025년 실제 중간배당 및 전체 현금배당 내역도 제시한다. [확인근거] PDF p.266 / DART p.262: “현금배당은 영업실적과 현금흐름 등을 감안하여 전략적으로 결정”, “배당 수준을 유지해 나갈 계획”. PDF p.267 / DART p.263: 당기 중간배당 25,881백만원, 주당 500원, 결산배당 역시 주당 500원 상정. PDF p.266 / DART p.262에는 2025년 총주주환원율 22.4% 및 전년 대비 배당액 동일 사실도 기재되어 있다. [감점사유] 점수상 감점은 없음. 다만 보고서 제출 시점 결산배당은 주총 상정 예정이므로 정책의 장기 정량성은 별도 개선 여지가 있다. [보완 필요 증빙] 중장기 목표 배당성향 또는 최소 DPS 등 정량기준, 예외조건, 연도별 이행 비교표 | AB31: 장기 | AC31: 현재 점수 방어가 가능하르모 정책 정량화 수준 고도화 [현재 문제점] 정책→결의→지급을 한 번에 추적하는 증빙 연결성이 약함. [개선방향] - 연간 주주환원 계획-실적 대사표 공시. - 배당정책·집행 근거는 우수. 다만 장기 배당정책의 정량 목표가 더 명확하면 좋음 -> “중장기 주주환원정책”으로 배당성향, 최소 DPS, 자사주 취득·소각 기준, 예외 조건을 명문화하고 IR/사업보고서에 반복 공시 [필요 근거] 이사회 승인 정책, 주총결과, 지급내역, 대사표 | AD31: 귀사는 직전 회계연도에 주주를 대상으로 배당정책 및 배당계획을 통지하지 않았습니까(1단계), 연 1회 이상 통지하였습니까(2단계), 아니면 연 1회 이상 통지하고 통지된 정책 및 계획대로 배당을 집행하였습니까(3단계)? | AE31: 단계(1~3)
A32: 31 | B32: G-4-1 | C32: 기본진단항목(v2.0) | D32: 지배구조 | E32: 윤리경영 | F32: 윤리규범 위반사항 공시 | G32: 조직이 구성원의 윤리규범 위반 행위(부당한 이익이나 뇌물의 수수, 불공정 경쟁 및 거래, 제품/서비스 책임 소홀, 구성원 상호 간 모독 및 비하, 기타 사회적 책임 등)를 관리·감독함과 동시에, 구성원의 윤리규범 위반행위가 재발하지 않도록 내부개선이 이루어지고 있는지 확인 | 이해관계자와의 신뢰성 및 투명성 관점을 고려하여, 조직이 윤리규범 위반 행위와 개선활동을 대외공시하고 있는지 점검 | H32: 윤리규범 위반 내역 및 조치경과 | I32: 직전 회계연도 | J32: N/A | K32: N/A | L32: 선택형 | M32: 5 | N32: 선택형 (5가지 형식적 요건의 충족 개수에 따른 점수 부여) | 세부 배점 기준: 1개 이하 충족=0점 / 2개 충족 = 25점 / 3개 충족= 50점 / 4개 충족= 75점 / 5개 충족= 100점 | O32: 요건1 | 윤리규범 위반 건수를 공시하고 있는 경우 | 요건2 | 윤리규범 위반한 구성원 수를 공시하고 있는 경우 | 요건3 | 윤리규범 위반 건과 관련한 처벌내역(사법상, 행정상)을 공시하고 있는 경우 | 요건4 | 윤리규범 위반 건과 관련된 구성원 처분내역(인사상)을 공시하고 있는 경우 | 요건5 | 윤리규범 위반 사건 재발방지를 위한 개선활동 및 계획을 공시하고 있는 경우 | * 선택 항목의 합산값으로 평가 | P32: 부분대응 | Q32: KSSB 제1호 위험관리 원칙 준용 | R32: GRI 205, 2-26 | S32: 1_2_0_업종별 K-ESG 가이드라인(v2.0) 진단항목 | T32: 1 | X32: =IF(T32="","",SUMPRODUCT(('02_점수산정참고표'!$A$2:$A$314=$B32)*('02_점수산정참고표'!$C$2:$C$314=T32)*'02_점수산정참고표'!$E$2:$E$314)) -> 0 | Y32: 윤리규범이란 윤리경영을 실천하기 위한 올바른 의사결정과 윤리적 판단 기준을 구성원에게 제공하는 것으로서, 조직에 속한 구성원 및 해당 조직과 거래관계에 있는 자들이 업무수행 과정에서 준수해야 하는 행동방식이 담겨 있는 문서를 지칭한다. 조직마다 윤리규범을 일컫는 용어는 다양하며, 윤리헌장, 윤리강령, 행동강령, 행동규범, 청렴규범 등의 용어가 존재한다. 윤리규범 위반이란 조직이 제정한 윤리규범에서 다루는 행동방식을 위반한 행위를 하는 경우 및 이에 준하는 사회통념적 윤리기준을 위반한 행위를 통칭한다. 이러한 윤리규범 위반 행위에 포함되는 사례는 다음과 같다. 이해관계 상충 행위 금품 및 향응 수수 직무권한 및 지위 남용 공정거래 미준수 행위 부정경쟁 행위… | Z32: [자동채점] | 근거충분성: 불충분 | 근거: [지배구조보고서] 24p. 당사는 2019년부터 기업윤리 지침을 제정하여 시행하고 있습니다. 기업윤리지침 제4호 ‘이해 상충 방지’ 등 규정에서 회사와 이해관계가 상충되는 행위는 원칙적으로 금지하고 있으며, 기업윤리 지침을 위반한 임원에 대해서는 관련 규정에 따라 엄중 문책하고 있습니다.(6번째 줄) → 윤리규범 위반 시 문책한다는 정책은 존재하나, 실제 위반 건수, 위반자 수, 처벌 내역, 개선 활동 등을 구체적으로 공시하고 있지 않아 1단계 요건도 충족하지 못함. | 근거페이지: 지배구조보고서 17~18p, 22p, 24~27p, 32p, 34p, 37p, 39p, 41p, 45p | AA32: 부분 / 요건 3,5개 충족 / 25점 [판단근거] 기준표 5개 요건은 ① 위반 건수, ② 위반 구성원 수, ③ 사법·행정 처벌, ④ 인사처분, ⑤ 재발방지 활동·계획이다. 하도급 공정거래 위반은 항목설명의 ‘불공정 경쟁 및 거래’ 범위에 부합하므로 요건3·요건5는 인정 가능하다. 반면 윤리위반 총 건수·구성원 수·인사처분은 별도 공시되지 않았다. [확인근거] PDF p.317 / DART p.313, XI.3: 2025.11.19 공정거래위원회 의결로 “시정명령 및 과징금 부과”, 과징금 456백만원, 사유는 수급사업자의 금형 도면 요구 및 제3자 제공 행위, 재발방지 대책으로 “공정거래 관련 법률 준수 및 내부 Compliance 강화” 기재. [감점사유] 법규 제재 사실은 상세하지만 이것을 포함한 연간 ‘윤리규범 위반 총 건수’와 임직원 처분현황을 체계적으로 공시하지 않는다. [보완 필요 증빙] 연간 윤리·준법 위반현황표, 관련 임직원 수, 인사처분 통계, 사건별 시정조치·재발방지 완료여부 | AB32: 즉시 | AC32: [현재 문제점] 사건별 법적 제재는 공개하지만 윤리위반 현황을 한눈에 보는 정량 공시는 없음. [개선방향] 윤리·준법 위반을 연간 KPI로 집계하고 사건→조치→재발방지→이행완료까지 연결해 공시. [필요 근거] 위반현황표, 조사결과, 인사처분 통계, 개선조치 대장·완료증빙. | AD32: 윤리규범 위반 건수, 위반 구성원 수, 사법·행정상 처벌내역, 인사상 구성원 처분내역, 그리고 재발방지를 위한 개선활동 및 계획을 대외에 공시하고 있습니까? | AE32: 선택형(요건 충족 수)
A33: 32 | B33: G-5-1 | C33: 기본진단항목(v2.0) | D33: 지배구조 | E33: 감사기구 | F33: 내부감사부서 설치 | G33: 조직의 재무, 회계, 감사 관련 부정사안, 기타 내부통제 관련 현안 등을 상시적으로 점검하고, 중요한 의사결정사항 및 관련 정보를 감사위원회에 보고하는 거버넌스 체계가 구축되어 있는지 확인 | 조직이 내부감사부서를 두고 있는지, 내부감사부서의 책임과 역할을 명확히 규정하고 있는지 점검 | H33: 내부감사부서 등 조직도 및 업무분장 | I33: 직전 회계연도 | J33: N/A | K33: N/A | L33: 단계형 | M33: 5 | N33: 단계형: 1단계=0점 / 2단계=25점 / 3단계=50점 / 4단계=75점 / 5단계=100점 | O33: 1단계 | 내부감사부서를 두고 있지 않거나, 감사 관련 업무를 수행하는 부서 또는 업무분장을 두고 있지 않은 경우 | 2단계 | 내부감사부서를 두고 있지 않으나, 감사 관련 업무를 수행하는 기타 부서 및 업무분장이 있는 경우 | 3단계 | 내부감사부서를 두고 있으나, 내부감사부서의 업무분장 등에 감사위원회 업무지원과 관련한 내용을 명시하지 않은 경우 | 4단계 | 내부감사부서를 두고 있으며, 내부감사부서의 업무분장 등에 감사위원회 업무지원과 관련한 내용을 명시한 경우 | 5단계 | 감사위원회 지원 역할만을 수행하는 별도 전담부서 또는 업무분장이 규정되어 있는 경우 | P33: 부분대응 | Q33: KSSB 제1호 문단 27(1) 내부통제 취지 준용 | R33: 외감법, KCGS | S33: 1_2_0_업종별 K-ESG 가이드라인(v2.0) 진단항목 | T33: 4 | X33: =IF(T33="","",SUMPRODUCT(('02_점수산정참고표'!$A$2:$A$314=$B33)*('02_점수산정참고표'!$C$2:$C$314=T33)*'02_점수산정참고표'!$E$2:$E$314)) -> 75 | Y33: 감사위원회의 회계감사 및 내부통제 업무를 보조하거나, 지원할 수 있는 내부감사부서 설치가 필요하다. 감사위원회는 조직의 회계, 재무, 감사에 관한 감독 등 내부통제제도에 관한 사항을 심의하는 역할에 집중하고 있어, 일상적인 감사 관련 업무를 수행하는데 한계가 있기 때문이다. 특히, 감사위원회가 전원 사외이사로만 구성되어 있을 경우, 조직의 회계, 재무, 감사에 관한 정보 접근성에 제약이 발생하기 때문에, 이를 보완할 수 있는 조직으로서 내부감사부서 설치는 필요하다. 국내 ｢상법｣에서는 상장회사 등에 내부감사부서 설치를 강제하는 규정이 없으나, ｢금융회사의 지배구조에 관한 법률｣ 제20조 및 ｢공공기관 운영에 관한 법률｣ 제32조에는 ‘감사위원회 또는 감사’의… | Z33: [자동채점] | 근거충분성: 충분 | 근거: [지배구조보고서] 38p. 당사는 감사의 효율적인 업무수행을 보좌하기 위하여 내부감사기구 지원조직으로 감사실을 설치하고 있습니다. 감사실은 상근감사 직속부서로 상근감사 1인 이외 팀원 2인으로 구성되어 있습니다.(11번째 줄) → 상근감사를 보좌하는 내부감사부서(감사실)를 설치하고 업무분장을 명확히 규정하고 있으나, 감사위원회 설치 대상이 아니므로 4단계 요건을 충족함. | 근거페이지: 사업보고서 269p, 273p, 275p / 지배구조보고서 34p, 36~39p, 41p, 43p | AA33: 충분 / 3단계 / 50점 [판단근거] 기준표 3단계는 내부감사부서는 있으나 업무분장에 감사위원회 업무지원이 명시되지 않은 경우다. 회사는 감사팀 2명을 두고 “감사 및 내부회계관리”를 수행하지만, 보고서 제출일 현재 감사위원회가 없고 감사위원회 지원업무도 명시되지 않는다. [확인근거] PDF p.291 / DART p.287, VI.2.4 감사 지원조직 현황: “감사팀 / 직원수 2 / 과장(4년), 과장(4년) / 감사 및 내부회계관리”. PDF p.289 / DART p.285: “감사위원회를 별도로 설치하고 있지 아니하며, … 감사 1명이 감사업무를 수행”. [감점사유] 내부감사 전담조직은 존재하지만 감사위원회 지원 역할과 독립적 보고라인이 문서상 확인되지 않는다.<br><br>[보완 필요 증빙] 감사팀 업무분장, 감사위원회 지원조항, 조직도, 감사위원회 직접 보고절차, 연간 감사계획. | AB33: 즉시 | AC33: [현재 문제점] 감사팀은 있으나 ‘감사위원회 지원조직’으로서의 역할이 규정상 명확하지 않음. [개선방향] 감사팀의 독립성·감사위원회 직접 지원·보고권한을 업무분장에 명문화. [필요 근거] 조직규정, 업무분장표, 감사계획, 감사위원회 보고자료. | AD33: 조직의 감사위원회가 효율적인 역할을 수행할 수 있도록 이를 지원하는 부서 및 업무분장을 명확하게 지정하여 운영하고 있습니까? | AE33: 단계(1~5)
A34: 33 | B34: G-5-2 | C34: 기본진단항목(v2.0) | D34: 지배구조 | E34: 감사기구 | F34: 감사기구 전문성 (감사기구 내 회계/재무 전문가) | G34: 조직의 감사위원회(또는 감사)가 거시경제 흐름 및 업종동향에 대한 직관, 상법 등 관련 법률 소양, 회계/재무/감사에 관한 전문적 지식을 보유하고 있는지 확인 | 국내 법률상 규정되어 있는 감사위원회 전문성 조건을 상회하여, 회계 및 재무 전문가를 감사위원으로 선임하고 있는지 점검 | H34: 감사위원회(또는 감사) 구성 | I34: 직전 회계연도 | J34: N/A | K34: N/A | L34: 단계형 | M34: 3 | N34: 단계형: 1단계=0점 / 2단계=50점 / 3단계=100점 | O34: 1단계 | 감사위원회 내 회계 및 재무 분야 전문성을 보유한 감사위원이 1명 선임되어 있는 경우 | 2단계 | 감사위원회 내 회계 및 재무 전문가가 1명 이상 선임되어 있으나, 전체 감사위원 중 50% 이하인 경우 | 3단계 | 감사위원회 내 회계 및 재무 전문가가 1명 이상 선임되어 있으며, 전체 감사위원 중 50% 초과한 경우 | P34: 부분대응 | Q34: KSSB 제1호 문단 27(1)ㄏ 전문성 취지 준용 | R34: KCGS | S34: 1_2_0_업종별 K-ESG 가이드라인(v2.0) 진단항목 | T34: 3 | X34: =IF(T34="","",SUMPRODUCT(('02_점수산정참고표'!$A$2:$A$314=$B34)*('02_점수산정참고표'!$C$2:$C$314=T34)*'02_점수산정참고표'!$E$2:$E$314)) -> 100 | Y34: 감사위원회의 기본적 업무는 회계감사이며, 감사위원회가 효과적으로 기능하기 위해서는 감사위원이 조직과 이해관계 상충이 없다는 ‘독립성’ 요건을 충족하는 것 이외에 회계, 재무, 감사 분야의 ‘전문성’이 확보되어야 한다. 특히, 감사위원회의 핵심 역할은 재무제표 작성 및 회계감사를 감독하는 업무이므로, 회계 및 감사 업무의 전문성은 꼭 필요하다. 국내 상장회사 및 금융회사의 감사위원회 내 회계 및 재무 분야 전문성을 보유한 감사위원을 선임해야 한다는 규정은 ｢상법｣ 제542조의11 및 ｢금융회사의 지배구조에 관한 법률｣ 제19조에 명시되어 있다. - ｢상법｣ 제542조의11 : 자산규모 2조 원 이상 상장회사 및 자산규모 1천억 원 이상 상장회사 중 감사위원회를… | Z34: [자동채점] | 근거충분성: 충분 | 근거: ⚠️[출처 미확정, 검색 1위 후보로 대체] [지배구조보고서] 3p. 박재환 감사 | 상근감사(Full time-auditor) | - 공인회계사(1995년 취득) - 前)대영회계법인 이사 - 前)안진회계법인 상무이사 | 회계전문가(줄 위치 특정 실패) → 감사위원회를 설치하지 않고 상근감사 1인을 두고 있으며, 해당 상근감사가 회계전문가로서 전체 감사기구 구성원(1명) 중 100%를 차지하여 50% 초과 요건을 충족함. | 근거페이지: 사업보고서 269p, 273p / 지배구조보고서 3p, 17p, 36~39p, 41~43p | AA34: 충분 / 3단계 / 100점 [판단근거] 항목설명과 데이터원천은 “감사위원회 또는 감사”를 대상으로 한다. 현재 감사 1명 전원이 회계업계 경력을 갖고 있으므로 감사기구 기준으로 회계·재무 전문가 비율은 100%로 볼 수 있다. [확인근거] PDF p.289 / DART p.285에서 감사 1명이 감사업무 수행. PDF p.296 / DART p.292, VIII.1 임원현황: 박재환 감사의 주요경력 “(전)안진회계법인 상무”. [감점사유] 점수 자체는 최고단계 판단이 가능하나, 세부 점검기준 문구가 ‘감사위원회 내’ 비율을 직접 표현하고 있어 단독 감사에 대한 준용 해석은 채점 매뉴얼에서 고정할 필요가 있다. [보완 필요 증빙] 회계·재무 전문가 인정기준, 자격·경력증명, 감사기구 구성표. 채점 상세: 엑셀 항목설명의 감사위원회 또는 감사 취지를 적용하면 회계·재무 전문가 1/1 = 100%, 즉 전체 감사기구의 50% 초과. → 3단계 / 100점. 단, 상세기준의 “감사위원회”를 문자적으로만 적용할 경우 2025년 단독감사 체제에 대한 평가자 확인 필요 | AB34: 장기 | AC34: 현재 전문성 근거는 강하므로 향후 감사기구 개편 시 이 전문성 비율을 유지하는 것이 핵심. [현재 문제점] 전문성은 충분해 보이나 단독 감사와 감사위원회 기준 간 해석상 모호성이 있음. [개선방향] 내부 채점정의에서 ‘감사’를 어떻게 준용하는지 명시하고 향후에도 회계·재무 전문가 과반을 유지. [필요 근거] 경력증명, 전문가 인정기준, 감사기구 구성·선임자료 | AD34: 감사위원회(또는 감사) 내 회계 및 재무 전문가(공인회계사 등)를 선임하여 운영하고 있습니까? | AE34: 단계(1~3)
A35: 34 | B35: G-6-1 | C35: 기본진단항목(v2.0) | D35: 지배구조 | E35: 지배구조 법/규제 위반 | F35: 지배구조 법/규제 위반 | G35: 조직이 주주권리 보호, 이사회 및 경영진 등 최고 거버넌스 운영, 상호출자 등 소유구조, 특수관계인 거래 등과 관련한 법/규제를 명확하게 인식하고, 지배구조 리스크 해결을 위한 제도 및 활동을 도입하고 있는지 확인 | 지배구조 관련 법/규제 위반 건 중 조직의 재무구조 및 명성 관리에 상당한 영향력을 미치는 사법상 형벌, 행정상 처분(금전적, 비금전적)에 대해 가중치를 달리 적용해 점검 | H35: ‘전자공시시스템’ 上 사업보고서, ‘조직별 홈페이지’ 上 지속가능경영보고서 | I35: 최근 4개년 회계연도 * 3개년 이하 데이터 보유 시 해당 데이터로 추세 산정 | J35: N/A | K35: ∑(지배구조 법/규제 위반 건 * 처벌수위별 감점 기준) | L35: 감점형 | M35: 3 | N35: 감점형 (기본 100점에서 위반유형별 감점 차감, 최저 0점 제한) | 세부 배점 기준: 유형 1= -50점 / 유형 2 = -30점 / 유형 3 = -10점 | O35: 유형 1 | 지난 4개년 간 지배구조 법/규제 위반내역 중 처분이 확정된 건수에 대해, 처벌수위가 사법상 형벌, 벌금, 과료인 경우, 또는 지배 구조 법/규제 위반으로 인해 국가나 지방자치단체를 당사자로 하는 계약에서 입찰참가자격을 제한당한 경우 | 유형 2 | 지난 4개년 간 지배구조 법/규제 위반내역 중 처분이 확정된 건수에 대해, 지배구조 법/규제 위반의 처벌수위가 행정상 처분 중 금전적 처분에 해당하는 과태료, 과징금, 이행강제금 등인 경우 | 유형 3 | 지난 4개년 간 지배구조 법/규제 위반내역 중 처분이 확정된 건수에 대해, 지배구조 법/규제 위반의 처벌수위가 행정상 처분 중 비금전적 처분에 해당하는 시정명령, 시정권고, 경고 등인 경우 | * 감점 사항이 없을 경우, 본 항목의 점수는 100점으로 산정. 최저점은 0점으로 제한 | P35: 부분대응 | Q35: KSSB 제1호 위험관리 원칙 준용 | R35: GRI 2-27 | S35: 1_2_0_업종별 K-ESG 가이드라인(v2.0) 진단항목 | T35: 해당없음(감점형) | U35: 0 | V35: 1 | W35: 0 | X35: =MAX(0,100-(N(U35)*50+N(V35)*30+N(W35)*10)) -> 70 | Y35: 지배구조 법/규제 위반은 ｢상법｣, ｢자본시장과 금융투자업에 관한 법률｣, ｢금융회사의 지배구조에 관한 법률｣ 및 이에 준하는 기타 법률 등에서 규정한 ‘주주권리 보호’, ‘상호출자 등 소유구조’, ‘계열회사 등 특수관계인과의 거래’, ‘이사회 구성 및 운영’, ‘감사기구 구성 및 운영’, ‘경영정보 공시’ 요건을 위반한 경우로 볼 수 있으며, 이에 대한 예시는 아래와 같다. - 주주권리 보호 : 집중투표제, 전자투표제, 주주제안, 주주대표소송 등 - 상호출자 등 소유구조 : 5% 이상 지분율 공시, 상호출자제한기업집단 간 주식 취득 및 소유 등 - 특수관계인과의 거래 : 계열회사 출자총액/지급보증/담보제공 등 - 이사회 구성 및 운영 : 사외이사 선임, 여성(남성)… | Z35: [자동채점] | 근거충분성: 충분 | 근거: [유형2] 해당 - [사업보고서] 19p. 당사는 공시대상기간중 자회사의 감사보고서 제출(자회사의 주요경영사항)을 지연공시하여 불성실 공시 법인에 지정되었습니다.(2번째 줄) → 공시 관련 규정 위반으로 인해 한국거래소로부터 불성실공시법인으로 지정되어 제재금 1,000만 원을 부과받은 사실이 확인됩니다. | 근거페이지: 사업보고서 14~32p, 251p, 255p, 275p, 293p, 305p / 지배구조보고서 1~20p, 22p, 24~26p, 45p | [AI검토필요] 위반 발견 - 재확인 권장 | AA35: 충분 / 유형 2 해당 / 70점 [판단근거] 기준표는 최근 4개년 지배구조 법·규제 위반 중 확정된 금전적 행정·규제처분에 유형2 -30점을 적용한다. 2024년 자회사 주요경영사항 지연공시로 불성실공시법인 지정 및 10백만원 제재금이 발생했다. 공시 적시성은 지배구조의 투명성·공시통제 영역과 직접 관련되므로 유형2로 분류하는 것이 타당하다. [확인근거] PDF p.317 / DART p.313, XI.3.2: “자회사의 주요경영사항에 대한 지연공시로 인해 2024년 9월 10일 거래소로부터 불성실공시법인지정을 통보”, “공시위반제재금 10백만원”. 회사는 공시 프로세스 전반 검토 등 개선노력을 진행한다고 공시. [감점사유] 최근 4년 룩백기간 내 공시규제 관련 확정 금전제재 존재. [보완 필요 증빙] 자회사 중요정보 보고규정, 공시체크리스트, 보고기한 SLA, 공시책임자 승인·모니터링 내역 및 재발 없음 실적. | AB35: 즉시 | AC35: [현재 문제점] 자회사 중요경영사항이 본사 공시 프로세스에 제때 연결되지 않은 실제 위반 이력이 있음. [개선방향] 자회사 사건발생→본사 보고→공시판단→승인→공시를 기한 기반 통제로 설계. [필요 근거] 공시관리규정, 자회사 보고대장, 마감알림 로그, 정기 자체점검 결과. | AD35: 지배구조 관련 법·규제 위반으로 인해 사법상 처벌, 입찰참가자격 제한, 행정상 금전적·비금전적 처분이 확정된 내역이 있습니까? | AE35: 단계(1~3)/감점형
A36: 35 | B36: G-경영진-추가1 | C36: 추가진단항목(v2.0) | D36: 지배구조 | E36: 경영진 | F36: 경영진 성과평가 및 보상 | G36: 경영진의 성과를 체계적으로 평가하고 이를 근거로 보상을 지급함으로써, 경영진의 의사결정행위를 직/간접적으로 감독 및 통제하고 있는지 확인 | 경영진의 성과평가 지표(KPIs)는 조직의 장기적 가치 향상과 연계되어 있으며, 성과평가 행위가 구체적, 연속적, 실효적으로 이루어지고 있는지 점검 | H36: ‘전자공시시스템’ 上 사업보고서, ‘조직별 홈페이지’ 上 지속가능경영보고서 | I36: 최근 1개 회계연도 | J36: N/A | K36: N/A | L36: 선택형 | M36: 5 | N36: 선택형 (5가지 형식적 요건의 충족 개수에 따른 점수 부여) | 세부 배점 기준: 1개 이하 충족=0점 / 2개 충족 = 25점 / 3개 충족= 50점 / 4개 충족= 75점 / 5개 충족= 100점 | O36: 요건1 | 조직의 재무적 성과와 연계하여 정량적 ‘성과평가 지표’가 설정되어 있는 경우 (매출액, 영업이익, 현금흐름, EBIT, 시가총액, 주주수익률 등) | 요건2 | 조직의 비재무적 성과와 연계하여 정량적 ‘성과평가 지표’가 설정되어 있는 경우 (온실가스 배출량, 친환경 제품 비율, 산업재해율, 인권 리스크 개선율 등) | 요건3 | 조직의 재무적/비재무적 성과와 연계하여 3년 이상의 중장기 ‘성과평가 지표’가 설정되어 있는 경우 | 요건4 | 성과평가 결과에 따라 보상(성과급)을 지급하고 있으며, 성과보상 지급을 1년 이상 초과하여 이연지급하고 있는 경우 | 요건5 | 성과평가 종료 후, 지급(예정) 보상을 회수할 수 있는 요건을 두고 있는 경우 (경영진 행위가 불법적이거나, 조직에 심각한 피해를 초래한 사유 등) | P36: 부분대응 | Q36: KSSB 제2호 문단 29(7) 경영진 보상-기후지표 연계 취지 준용(ESG 전반 KPI 연계는 KSSB가 더 포괄적) | R36: GRI 2-19, KCGS | S36: K-ESG 가이드라인 v2.0 (추가 진단항목, 3장) | T36: 1 | X36: =IF(T36="","",SUMPRODUCT(('02_점수산정참고표'!$A$2:$A$314=$B36)*('02_점수산정참고표'!$C$2:$C$314=T36)*'02_점수산정참고표'!$E$2:$E$314)) -> 0 | Y36: 요건1 조직의 재무적 성과와 연계하여 정량적 ‘성과평가 지표’가 설정되어 있는 경우 (매출액, 영업이익, 현금흐름, EBIT, 시가총액, 주주수익률 등) 요건2 조직의 비재무적 성과와 연계하여 정량적 ‘성과평가 지표’가 설정되어 있는 경우 (온실가스 배출량, 친환경 제품 비율, 산업재해율, 인권 리스크 개선율 등) 요건3 조직의 재무적/비재무적 성과와 연계하여 3년 이상의 중장기 ‘성과평가 지표’가 설정되어 있는 경우 요건4 성과평가 결과에 따라 보상(성과급)을 지급하고 있으며, 성과보상 지급을 1년 이상 초과하여… | Z36: [자동채점] | 근거충분성: 충분 | 근거: [지배구조보고서] 32p. 연간 경영실적의 매출액과 영업이익률을 고려한 경영성과에 따라 성과보수금을 지급할 수 있습니다.(8번째 줄) → 재무적 성과지표(매출액, 영업이익률)를 활용한 성과평가 및 보상 정책은 확인되나, 비재무적 지표, 중장기 지표, 이연지급, 보상 회수 요건에 대한 근거가 없어 1단계 요건만 충족함. | 근거페이지: 사업보고서 145p, 245~246p / 지배구조보고서 3p, 17p, 29p, 32p | AA36: 근거 부족 / 입증요건 1개 이하 / 제공문서 기준 0점 [판단근거] 기준표는 ① 재무 정량 KPI, ② 비재무 정량 KPI, ③ 3년 이상 중장기 KPI, ④ 1년 초과 보상 이연, ⑤ 보상 회수(Clawback) 조건을 본다. 사업보고서의 임원보수 부분에서는 이를 입증할 구체적인 KPI나 이연·회수제도가 확인되지 않는다. [확인근거] PDF p.299-300 / DART p.295-296, VIII.2 임원 보수에서 개인별 보수 및 산정기준 및 방법이 제시되나 주요 개인의 상여는 “-”, KPI·장기성과·이연지급·환수조건에 관한 구체적 기재는 확인되지 않는다. [감점사유] “보수 지급내역”은 확인되지만 성과평가와 보상의 연결 구조를 입증하지 못한다. 실제 내부제도가 존재할 가능성은 있으므로 ‘제도 없음’이 아니라 ‘근거부족’이다. [보완 필요 증빙] 임원보수규정, CEO/임원 KPI Sheet, ESG KPI 및 가중치, 3년 장기인센티브 계획, 이연·Clawback/Malus 조항, 평가결과-보상 산정표. | AB36: 즉시 | AC36: [현재 문제점] 임원에게 얼마를 지급했는지는 공시되지만 무엇을 잘하면 얼마를 받는지는 보이지 않음. [개선방향] 재무+ESG 정량 KPI, 장기성과, 이연보상, 환수조건을 하나의 임원보상체계로 설계. [필요 근거] 보상정책, KPI표, 평가결과, 이연지급대장, Clawback 규정 및 적용기록. | AD36: 경영진 성과평가 시 재무적·비재무적 성과지표와 3년 이상의 중장기 지표를 설정하고, 성과보상의 이연지급 및 보상 회수 요건을 마련하여 운영하고 있습니까? | AE36: 선택형(요건 충족 수)
A37: 36 | B37: G-윤리경영-추가1 | C37: 추가진단항목(v2.0) | D37: 지배구조 | E37: 윤리경영 | F37: 윤리경영/반부패 관련 법규/행동강령 등 준수 | G37: 조직이 윤리경영 및 부패방지 관련 법규, 행동강령 및 실천규범 등을 준수하고 있는지 확인 | H37: 회사(계열사 제외), 임직원(계열사 제외)의 법규 위반 사항 중 사회 관련 법규 위반 사실 (사업보고서, 지속가능성보고서, 법규위반 정보 관련 웹사이트) | I37: 최근 회계연도 기준 | J37: 국내, 해외 지점 포함 | K37: N/A | L37: 감점형 | M37: 3 | N37: 감점형 (기본 100점에서 위반단계별 감점 차감, 최저 0점 제한) | 세부 배점 기준: 1단계= -50점 / 2단계= -30점) / 3단계 = -10점 | O37: 1단계 (-50점) | 과징금, 벌금, 징역, 금고, 구류가 포함된 처벌 및 조치 내용이 있는 경우 2단계 (-30점) | 과태료, 범칙금, 이행강제금이 포함된 처벌 및 조치 내용이 있는 경우 3단계 (-10점) | 상기 조치 이외의 처벌(금전적 처벌 없이 시정명령, 영업정지 등의 제재만 있는 경우) | 처벌·조치내역이 없는 경우 감점 없음(=100점) | 사회 분야 총 평가 최저점은 0점으로 하한 설정 | 전년도 회사(계열사 제외)·임직원(계열사 제외)의 윤리경영/반부패 관련 법규·행동강령 위반 사실 확인 | 항소 중인 건은 전년도 현재 판결 기준으로 평가(금융지주회사는 계열사 및 자회사 포함) | P37: 부분대응 | Q37: KSSB 제1호 위험관리 원칙 준용 | R37: GRI 205 | S37: K-ESG 가이드라인 v2.0 (추가 진단항목, 3장) | T37: 해당없음(감점형) | U37: 0 | V37: 0 | W37: 0 | X37: =MAX(0,100-(N(U37)*50+N(V37)*30+N(W37)*10)) -> 100 | Y37: 윤리경영/반부패 관련 법규 및 행동강령 위반 이력이 없도록 사전 예방 체계(내부신고 채널, 정기 준법교육, 반부패 정책)를 구축·운영하고, 처벌·조치내역 발생 시에도 재발방지 개선활동을 공시해 위반 유형별 감점을 최소화해야 함. 동일 위반유형이 반복되지 않도록 내부통제 프로세스를 개선하는 것이 핵심 개선 방향. | Z37: [자동채점] | 근거충분성: 충분 | 근거: 위반사항 없음 (100점) | 근거페이지: 사업보고서 14~32p, 275p / 지배구조보고서 3~22p, 24~26p, 32p, 37p, 39p, 43p, 45p | AA37: 충분 / 1단계적용 / 50점 [판단근거] 과징금 처분이 있으면 -50점이며 실제 공정위 과징금 456백만원 존재. [확인근거] 사업보고서 DART p.312~313은 수급사업자의 금형 도면 요구·제3자 제공 관련 처분을 기재. DN 통합자료 p.64는 협력사 윤리규범의 공정거래 준수를 명시. [감점] 과징금 처분 자체가 감점사유. [보완] 기술자료 통제·동의·반환·삭제·교육·감사자료 | AB37: 즉시 | AC37: 하도급 기술자료 요청 프로세스를 전면 통제: 요청 필요성 사전승인 → 법정서면 발급 → 사용목적·보유기간 제한 → 제3자 제공 동의 → 삭제·반환 증빙. 구매·개발 담당자 공정거래 교육, 위반 모니터링, 공급사 신고채널, 감사위원회 보고까지 연계 [현재 문제점] 공정거래 Compliance가 실제 제재사건을 예방하지 못한 이력이 존재. [개선방향] 기술자료 요청·수취·보관·외부제공 전 과정을 승인통제하고 정기 Compliance 점검을 실시. [필요 근거] 업무절차서, 승인로그, 교육·점검 결과, 위반·시정조치 추적대장. | AD37: 회사 또는 임직원의 윤리경영 및 반부패 관련 법규, 행동강령 위반으로 인해 형사·금전적 처벌이나 행정제재(과징금, 벌금, 과태료, 시정명령 등)를 받은 내역이 있습니까? | AE37: 단계(1~3)/감점형
A38: 37 | B38: 반도체-E-1 | C38: 업종특화(반도체 v1.0) | D38: 환경 | E38: 온실가스 및 에너지 | F38: 에너지 효율적 제품 | G38: 조직이 개발·생산하는 제품 중 에너지 효율적 제품의 비중을 점검하고, 사용단계 에너지 절감 노력을 확인 | H38: '조직별 홈페이지' 上 지속가능경영보고서 | I38: 최근 4개년 회계연도 * 3개년 이하 데이터 보유 시 해당 데이터로 추세 산정 | J38: 국내외 사업장 및 기타 연결실체 | K38: (에너지 효율적 제품의 수 / 조직이 생산하고 있는 전체 제품의 수) X 100 | L38: 단계형 | M38: 3 | N38: 단계형: 1단계=0점 / 2단계=50점 / 3단계=100점 | O38: 1단계 | 지난 4개년간 에너지 효율적 제품의 비중 감소 추세 | 2단계: 지난 4개년간 에너지 효율적 제품의 비중 변동 없음 | 3단계: 지난 4개년간 에너지 효율적 제품의 비중 증가 추세 | * (추세) 일정 기간 정량적 자료의 변동 방향성을 의미하며, 본 가이드라인에서는 4개년 데이터의 연평균 성장률(CAGR)을 추세로 정의 | P38: GAP(대응지표 없음) | Q38: KSSB 업종기반지표(반도체 S2 부속지침)로 별도 개발 예정 | R38: SASB Semiconductors | S38: 2_업종별 K-ESG 가이드라인(반도체) 진단항목 | X38: N/A(업종 미해당) | Y38: Energy Star, EU Energy Label, 국내 에너지소비효율등급표시제도 등 공인 인증 또는 자체평가로 입증 가능한 에너지 효율 제품 비중을 측정. 설비(장비) 생산기업은 판매 장비의 에너지효율 비중으로 대체 측정 가능. | AD38: 최근 개발 및 생산하는 전체 제품 중 에너지 효율적 제품(인증 취득 또는 고효율 제품) 비중의 증감 현황을 점검 및 관리하고 있습니까? | AE38: 단계(1~3)
A39: 38 | B39: 반도체-E-2 | C39: 업종특화(반도체 v1.0) | D39: 환경 | E39: 용수 | F39: 초순수 사용량 | G39: 반도체 생산에 필요한 초순수(Ultra-pure Water) 사용량을 효과적으로 측정·모니터링·관리하고 있는지 점검 | H39: '조직별 홈페이지' 上 지속가능경영보고서 | I39: 최근 4개년 회계연도 * 3개년 이하 데이터 보유 시 해당 데이터로 추세 산정 | J39: 국내외 사업장 및 기타 연결실체 | K39: 원단위 초순수 사용량 = 전체 초순수 사용량 / 매출액(또는 생산량) | L39: 단계형 | M39: 3 | N39: 단계형: 1단계=0점 / 2단계=50점 / 3단계=100점 | O39: 1단계 | 지난 4개년간 원단위 초순수 사용량 증가 추세 | 2단계 | 지난 4개년간 원단위 초순수 사용량 변동 없음 | 3단계 | 지난 4개년간 원단위 초순수 사용량 감소 추세 | *미산정 시 0점 | * (추세) 일정 기간 정량적 자료의 변동 방향성을 의미하며, 본 가이드라인에서는 4개년 데이터의 연평균 성장률(CAGR)을 추세로 정의 | * (원단위(per unit)) 어떤 제품/용역 1단위 생산을 위해 투입된 재화(자본, 시간, 에너지 등) 혹은 배출량을 측정하는 개념. 기업 간 규모를 고려하여 비교 가능성을 확보하기 위한 목적으로 활용 | P39: GAP(대응지표 없음) | Q39: KSSB 업종기반지표로 별도 개발 예정 | R39: GRI 303, SASB Semiconductors | S39: 2_업종별 K-ESG 가이드라인(반도체) 진단항목 | X39: N/A(업종 미해당) | Y39: 초순수는 반도체 웨이퍼·마스크 세정에 필수적인 자원으로, 물부족·기후변화에 따른 공급비용 증가 리스크 관리 지표. 연평균성장률(CAGR)로 4개년 추세 판정. | AD39: 웨이퍼 세정에 필수적인 원단위 초순수(UPW) 사용량을 측정하고 이에 대한 증감 현황을 점검 및 관리하고 있습니까? | AE39: 단계(1~3)
A40: 39 | B40: 반도체-E-3 | C40: 업종특화(반도체 v1.0) | D40: 환경 | E40: 용수 | F40: 물 부족 지역에서의 용수 사용량 | G40: 조직의 사업장 중 물부족지역(Water-stressed areas)에 노출된 사업장의 원단위 용수 사용량을 점검 | H40: '조직별 홈페이지' 上 지속가능경영보고서 | I40: 최근 4개년 회계연도 * 3개년 이하 데이터 보유 시 해당 데이터로 추세 산정 | J40: 국내외 사업장 및 기타 연결실체 | K40: 물부족지역 사업장 원단위 용수사용량 = 물부족지역 사업장 용수사용량 / 매출액(또는 생산량) | L40: 단계형 | M40: 3 | N40: 단계형: 1단계=0점 / 2단계=50점 / 3단계=100점 | O40: 1단계 | 지난 4개년간 물부족지역 사업장 원단위 용수사용량 증가 추세 | 2단계: 변동 없음 | 3단계 | 감소 추세 | *미식별·미측정 시 0점 | * (추세) 일정 기간 정량적 자료의 변동 방향성을 의미하며, 본 가이드라인에서는 4개년 데이터의 연평균 성장률(CAGR)을 추세로 정의 | * (원단위(per unit)) 어떤 제품/용역 1단위 생산을 위해 투입된 재화(자본, 시간, 에너지 등) 혹은 배출량을 측정하는 개념. 기업 간 규모를 고려하여 비교 가능성을 확보하기 위한 목적으로 활용 | P40: GAP(대응지표 없음) | Q40: KSSB 업종기반지표로 별도 개발 예정 | R40: CDP Water Security, SASB Semiconductors | S40: 2_업종별 K-ESG 가이드라인(반도체) 진단항목 | X40: N/A(업종 미해당) | Y40: 물부족지역 식별은 세계자원연구소(WRI Aqueduct), 세계자연기금(WWF Water Risk Filter) 등에서 확인 가능. | AD40: 물 부족 지역(Water-stressed areas)에 위치한 사업장을 식별하고, 해당 사업장의 원단위 용수 사용량 측정 및 증감 현황을 점검·관리하고 있습니까? | AE40: 단계(1~3)
A41: 40 | B41: 반도체-E-4 | C41: 업종특화(반도체 v1.0) | D41: 환경 | E41: 오염물질 | F41: 과불화탄소 배출량 | G41: 반도체 식각·챔버세정 공정에서 발생하는 과불화탄소(PFCs, GWP 7,000) 배출을 관리하는지 확인 | H41: '조직별 홈페이지' 上 지속가능경영보고서, TCFD 보고서, CDP 보고서 등 | I41: 최근 4개년 회계연도 * 3개년 이하 데이터 보유 시 해당 데이터로 추세 산정 | J41: 국내외 사업장 및 기타 연결실체 | K41: 원단위 대비 과불화탄소 배출량 비율 = 총 과불화탄소 배출량 (tCO₂-eq) / 매출액(또는 생산량) | L41: 단계형 | M41: 3 | N41: 단계형: 1단계=0점 / 2단계=50점 / 3단계=100점 | O41: 1단계 | 지난 4개년간 원단위 과불화탄소 배출량 증가 추세 | 2단계 | 변동 없음 | 3단계 | 감소 추세 | *미관리 시 0점 | * (추세) 일정 기간 정량적 자료의 변동 방향성을 의미하며, 본 가이드라인에서는 4개년 데이터의 연평균 성장률(CAGR)을 추세로 정의 | * (원단위(per unit)) 어떤 제품/용역 1단위 생산을 위해 투입된 재화(자본, 시간, 에너지 등) 혹은 배출량을 측정하는 개념. 기업 간 규모를 고려하여 비교 가능성을 확보하기 위한 목적으로 활용 | P41: GAP(대응지표 없음) | Q41: KSSB 업종기반지표로 별도 개발 예정(GHG Scope1 총량에는 포함) | R41: SASB Semiconductors | S41: 2_업종별 K-ESG 가이드라인(반도체) 진단항목 | X41: N/A(업종 미해당) | Y41: EU 불화온실가스 저감 규정(Regulation (EU) No 517/2014), 교토의정서 7대 온실가스에 해당. | AD41: Scope 1 온실가스(tCO₂-eq) 원단위를 기준으로 과불화탄소 배출량을 산정하고, 이에 대한 증감 현황을 점검·관리하고 있습니까? | AE41: 단계(1~3)
A42: 41 | B42: 반도체-E-5 | C42: 업종특화(반도체 v1.0) | D42: 환경 | E42: 오염물질 | F42: 휘발성 유기화합물 배출량 | G42: 제품 생산과정에서 발생하는 휘발성유기화합물(VOC) 배출을 관리하는지 확인 | H42: '조직별 홈페이지' 上 지속가능경영보고서, TCFD·CDP 보고서 등 | I42: 최근 4개년 회계연도 * 3개년 이하 데이터 보유 시 해당 데이터로 추세 산정 | J42: 국내외 사업장 및 기타 연결실체 | K42: 원단위 대비 휘발성 유기화합물 배출량 비율 = 총 휘발성 유기화합물 배출량(Metric ton) / 매출액(또는 생산량) | L42: 단계형 | M42: 3 | N42: 단계형: 1단계=0점 / 2단계=50점 / 3단계=100점 | O42: 1단계 | 지난 4개년간 원단위 VOC 배출량 증가 추세 | 2단계 | 변동 없음 | 3단계: 감소 추세 | *미관리 시 0점 | * (추세) 일정 기간 정량적 자료의 변동 방향성을 의미하며, 본 가이드라인에서는 4개년 데이터의 연평균 성장률(CAGR)을 추세로 정의 | * (원단위(per unit)) 어떤 제품/용역 1단위 생산을 위해 투입된 재화(자본, 시간, 에너지 등) 혹은 배출량을 측정하는 개념. 기업 간 규모를 고려하여 비교 가능성을 확보하기 위한 목적으로 활용 | P42: GAP(대응지표 없음) | Q42: KSSB 업종기반지표로 별도 개발 예정 | R42: SASB Semiconductors | S42: 2_업종별 K-ESG 가이드라인(반도체) 진단항목 | X42: N/A(업종 미해당) | Y42: 국내 대기환경보전법 휘발성유기화합물 지정고시(37개 물질), 미국 EPA 40 CFR Part 51.100, RBA 행동규범 배출관리 요구사항 참고. | AD42: Scope 1 원단위를 기준으로 휘발성 유기화합물 배출량(Metric ton)을 산정하고, 이에 대한 증감 현황을 점검·관리하고 있습니까? | AE42: 단계(1~3)
A43: 42 | B43: 반도체-G-1 | C43: 업종특화(반도체 v1.0) | D43: 지배구조 | E43: 윤리경영 | F43: 반경쟁행위 위반사항 공시 | G43: 조직이 반경쟁행위(가격담합·시장지배력남용 등) 관련 법/규제를 준수하는지, 위반시 처벌수위별 감점으로 점검 | H43: '전자공시시스템' 上 사업보고서, '조직별 홈페이지' 上 지속가능경영보고서 | I43: 최근 4개년 회계연도 * 3개년 이하 데이터 보유 시 해당 데이터로 추세 산정 | J43: 국내외 사업장 및 기타 연결실체 | K43: ∑(반경쟁행위 위반 건 × 처벌수위별 감점기준) | L43: 감점형 | M43: 3 | N43: 감점형 (기본 100점에서 위반유형별 감점 차감, 최저 0점 제한) | 세부 배점 기준: 유형 1= -50점 / 유형 2 = -30점) / 유형 3 = -10점) | *감점 사항이 없을 경우 100점 | O43: 유형 1 (-50점) | 지난 4개년간 독점규제 및 공정거래 관련 법/규제 위반내역 중 처분이 확정된 건에 대해 처벌 수위가 사법상 형벌, 벌금, 과료인 경우 또는 국가를 당사자로 하는 계약에서 입찰참가자격을 제한당한 경우 유형 2 (-30점) | 지난 4개년간 독점규제 및 공정거래 관련 법/규제 위반내역 중 처분이 확정된 건에 대해 처벌 수위가 행정상 처분 중 금전적 처분에 해당하는 과태료, 과징금, 이행강제금 등인 경우 유형 3 (-10점) | 지난 4개년간 독점규제 및 공정거래 관련 법/규제 위반내역 중 처분이 확정된 건에 대해 처벌 수위가 행정상 처분 중 비금전적 처분에 해당하는 시정명령, 시정권고, 경고 등인 경우 | P43: GAP(대응지표 없음) | Q43: KSSB 규정 없음 | R43: SASB Semiconductors, 공정거래법 | S43: 2_업종별 K-ESG 가이드라인(반도체) 진단항목 | T43: 해당없음(감점형) | U43: 0 | V43: 0 | W43: 0 | X43: N/A(업종 미해당) | Y43: 반도체 산업표준 제정 과정의 상호라이선스·특허풀 활용 등으로 가격담합 등 반독점 리스크가 상대적으로 높은 업종 특성 반영. | AD43: 최근 독점규제 및 공정거래(반경쟁 행위) 관련 법·규제 위반으로 인해 사법상 처벌, 입찰참가자격 제한, 행정상 금전적·비금전적 처분이 확정된 내역이 있습니까? | AE43: 단계(1~3)/감점형

Sheet 02_점수산정참고표
A1: 분류코드 | B1: 진단항목명 | C1: 단계번호 | D1: 단계라벨 | E1: 배점 | F1: 단계별 판단기준(K-ESG v2.0 원문)
A2: P-1-1 | B2: ESG 정보공시 방식 | C2: 1 | D2: 1단계 | E2: 0 | F2: 조직이 어떠한 방식으로든 ESG 정보를 공시하지 않는 경우
A3: P-1-1 | B3: ESG 정보공시 방식 | C3: 2 | D3: 2단계 | E3: 25 | F3: 조직의 홈페이지, 지속가능경영보고서, 사업보고서, 기타 간행물 등에 ESG 정보를 분산하여 공시하고 있는 경우
A4: P-1-1 | B4: ESG 정보공시 방식 | C4: 3 | D4: 3단계 | E4: 50 | F4: 조직의 홈페이지, 지속가능경영보고서, 사업보고서, 기타 간행물 등에 ESG 정보를 통합하여 공시하고 있는 경우
A5: P-1-1 | B5: ESG 정보공시 방식 | C5: 4 | D5: 4단계 | E5: 75 | F5: ESG 정보를 통합한 조직의 홈페이지, 지속가능경영보고서, 사업보고서, 기타 간행물 등을 지정된 장소에 비치하거나, 특정 URL에 담고 있는 경우
A6: P-1-1 | B6: ESG 정보공시 방식 | C6: 5 | D6: 5단계 | E6: 100 | F6: ESG 정보를 통합한 조직의 홈페이지, 지속가능경영보고서, 사업보고서, 기타 간행물 등의 발행여부를 ‘전자공시시스템-자율공시’ 사항으로 알리는 경우
A7: P-1-2 | B7: ESG 정보공시 주기 | C7: 1 | D7: 1단계 | E7: 0 | F7: ESG 정보공시 주기를 특정할 수 없거나, 명시하고 있지 않는 경우
A8: P-1-2 | B8: ESG 정보공시 주기 | C8: 2 | D8: 2단계 | E8: 50 | F8: 2년 단위로 보고서 발간 및 ESG 정보를 공시하는 경우
A9: P-1-2 | B9: ESG 정보공시 주기 | C9: 3 | D9: 3단계 | E9: 100 | F9: 1년 단위로 보고서 발간 및 ESG 정보를 공시하는 경우
A10: P-1-3 | B10: ESG 정보공시 범위 | C10: 1 | D10: 1단계 | E10: 0 | F10: ESG 정보공시 범위를 특정할 수 없거나, 명시하고 있지 않는 경우
A11: P-1-3 | B11: ESG 정보공시 범위 | C11: 2 | D11: 2단계 | E11: 25 | F11: 조직이 법적으로 직접 소유하고 있는 사업장(ex. 별도재무제표 기준)의 일부 또는 모든 ESG 정보를 공시하고 있는 경우
A12: P-1-3 | B12: ESG 정보공시 범위 | C12: 3 | D12: 3단계 | E12: 50 | F12: 조직의 영향력과 통제력 범위에 있는 곳(자회사, 종속법인, 연결실체 등)의 일부 ESG 정보를 공시하고 있는 경우
A13: P-1-3 | B13: ESG 정보공시 범위 | C13: 4 | D13: 4단계 | E13: 75 | F13: 조직의 영향력과 통제력 범위에 있는 곳(자회사, 종속법인, 연결실체 등)의 일부 ESG 정보를 공시하고 있는 경우. 단, 조직의 영향력과 통제력 범위로 ESG 정보공시 범위를 확대한다는 계획을 제시하고 있는 경우
... A314: S-6-3 | B314: 협력사 ESG 협약사항 | C314: 5 | D314: 요건5 | E314: 100 | F314: 협력사의 ESG 추진에 필요한 설비/장치 도입 지원 협약 체결

Sheet 03_지배구조세부점검(KRX)
A1: 순번 | B1: 핵심원칙(대분류) | C1: 세부원칙 | D1: 지표코드 | E1: 지표명 | F1: 데이터유형 | G1: 크롤링소스(정량 수집처) | H1: 연계 K-ESG 분류코드 | I1: 비고/근거 | J1: [입력]자사 현황값
A2: 1 | B2: 지배구조 핵심지표(15개) | C2: - | D2: H01 | E2: 주주총회 4주 전 소집공고 실시 | F2: OX | G2: 기업지배구조보고서 | H2: G-3-1 | I2: 준수율 산정 15개 항목 중 하나
A3: 2 | B3: 지배구조 핵심지표(15개) | C3: - | D3: H02 | E3: 전자투표 실시 | F3: OX | G3: 기업지배구조보고서 | H3: G-3-3
A4: 3 | B4: 지배구조 핵심지표(15개) | C4: - | D4: H03 | E4: 주주총회 집중일 이외 개최 | F4: OX | G4: 기업지배구조보고서 | H4: G-3-2
A5: 4 | B5: 지배구조 핵심지표(15개) | C5: - | D5: H04 | E5: 현금배당 관련 예측가능성 제공 | F5: OX | G5: 기업지배구조보고서 | H5: G-3-4 | I5: 배당액 확정일이 배당기준일보다 선행
A6: 5 | B6: 지배구조 핵심지표(15개) | C6: - | D6: H05 | E6: 배당정책·배당실시계획 연1회 이상 주주 통지 | F6: OX | G6: 기업지배구조보고서 | H6: G-3-4
A7: 6 | B7: 지배구조 핵심지표(15개) | C7: - | D7: H06 | E7: 최고경영자 승계정책 마련 및 운영 | F7: OX | G7: 기업지배구조보고서 | H7: G-경영진-추가1
A8: 7 | B8: 지배구조 핵심지표(15개) | C8: - | D8: H07 | E8: 위험관리 등 내부통제정책 마련 및 운영 | F8: OX | G8: 기업지배구조보고서 | H8: G-4-1 | I8: 리스크관리·준법경영·내부회계관리·공시정보관리 모두 충족해야 준수
A9: 8 | B9: 지배구조 핵심지표(15개) | C9: - | D9: H08 | E9: 사외이사가 이사회 의장인지 여부 | F9: OX | G9: 기업지배구조보고서 | H9: G-1-3
A10: 9 | B10: 지배구조 핵심지표(15개) | C10: - | D10: H09 | E10: 집중투표제 채택 | F10: OX | G10: 기업지배구조보고서 | H10: G-3-3 | I10: 정관상 배제하지 않는 경우 해당
A11: 10 | B11: 지배구조 핵심지표(15개) | C11: - | D11: H10 | E11: 기업가치 훼손·주주권익 침해 책임자 임원선임 방지 정책 수립 | F11: OX | G11: 기업지배구조보고서 | H11: G-4-1
A12: 11 | B12: 지배구조 핵심지표(15개) | C12: - | D12: H11 | E12: 이사회 구성원 모두 단일 성별이 아님 | F12: OX | G12: 기업지배구조보고서 | H12: G-1-4 | I12: 성별 다양성
A13: 12 | B13: 지배구조 핵심지표(15개) | C13: - | D13: H12 | E13: 독립적인 내부감사부서(지원조직) 설치 | F13: OX | G13: 기업지배구조보고서 | H13: G-5-1
A14: 13 | B14: 지배구조 핵심지표(15개) | C14: - | D14: H13 | E14: 내부감사기구에 회계·재무 전문가 존재 | F14: OX | G14: 기업지배구조보고서 | H14: G-5-2
A15: 14 | B15: 지배구조 핵심지표(15개) | C15: - | D15: H14 | E15: 내부감사기구-외부감사인 분기 1회 이상 경영진 없이 회의 | F15: OX | G15: 기업지배구조보고서 | H15: G-5-1
A16: 15 | B16: 지배구조 핵심지표(15개) | C16: - | D16: H15 | E16: 경영 중요정보에 내부감사기구 접근 가능한 절차 마련 | F16: OX | G16: 기업지배구조보고서 | H16: G-5-1
A17: 16 | B17: 핵심원칙1_주주의권리 | C17: 1-①_주주총회정보제공 | D17: 101 | E17: 소집공고일~주주총회일 간격(일) | F17: 숫자 | G17: 기업지배구조보고서 | H17: G-3-1, G-3-3 | I17: 4주 초과 여부 판단 근거
A18: 17 | B18: 핵심원칙1_주주의권리 | C18: 1-①_주주총회정보제공 | D18: 102 | E18: 외국인 주주 이해가능 소집통지 실시여부 | F18: OX | G18: 기업지배구조보고서 | H18: G-3-1, G-3-3
A19: 18 | B19: 핵심원칙1_주주의권리 | C19: 1-②_의결권행사 | D19: 103 | E19: 정기주총 집중일 회피 여부 | F19: OX | G19: 기업지배구조보고서 | H19: G-3-1, G-3-3 | I19: 최근 3개년
A20: 19 | B20: 핵심원칙1_주주의권리 | C20: 1-②_의결권행사 | D20: 104 | E20: 서면투표 실시여부 | F20: OX | G20: 기업지배구조보고서 | H20: G-3-1, G-3-3
A21: 20 | B21: 핵심원칙1_주주의권리 | C21: 1-②_의결권행사 | D21: 105 | E21: 전자투표 실시여부 | F21: OX | G21: 기업지배구조보고서 | H21: G-3-1, G-3-3
A22: 21 | B22: 핵심원칙1_주주의권리 | C22: 1-②_의결권행사 | D22: 106 | E22: 의결권 대리행사 권유 여부 | F22: OX | G22: 기업지배구조보고서 | H22: G-3-1, G-3-3
A23: 22 | B23: 핵심원칙1_주주의권리 | C23: 1-②_의결권행사 | D23: 107 | E23: 안건별 찬성/반대(기권) 비율(%) | F23: 숫자 | G23: 기업지배구조보고서 | H23: G-3-1, G-3-3
A24: 23 | B24: 핵심원칙1_주주의권리 | C24: 1-③_주주제안권 | D24: 108 | E24: 주주제안 절차 홈페이지 등 안내 시행여부 | F24: OX | G24: 기업지배구조보고서 | H24: G-3(주주권리 보강)
A25: 24 | B25: 핵심원칙1_주주의권리 | C25: 1-③_주주제안권 | D25: 109 | E25: 주주제안 처리절차·기준 규정 시행여부 | F25: OX | G25: 기업지배구조보고서 | H25: G-3(주주권리 보강)
A26: 25 | B26: 핵심원칙1_주주의권리 | C26: 1-③_주주제안권 | D26: 110 | E26: 공시대상기간 내 주주제안 건수 및 이행상황 | F26: 숫자/텍스트 | G26: 기업지배구조보고서 | H26: G-3(주주권리 보강)
A27: 26 | B27: 핵심원칙1_주주의권리 | C27: 1-③_주주제안권 | D27: 111 | E27: 공개서한 접수 여부 및 처리현황 | F27: OX/텍스트 | G27: 기업지배구조보고서 | H27: G-3(주주권리 보강)
A28: 27 | B28: 핵심원칙1_주주의권리 | C28: 1-④_주주환원정책 | D28: 112 | E28: 주주환원정책(배당 포함) 수립여부 | F28: OX | G28: 기업지배구조보고서 | H28: G-3-4
A29: 28 | B29: 핵심원칙1_주주의권리 | C29: 1-④_주주환원정책 | D29: 113 | E29: 주주환원정책 연1회 통지 여부 | F29: OX | G29: 기업지배구조보고서 | H29: G-3-4
A30: 29 | B30: 핵심원칙1_주주의권리 | C30: 1-④_주주환원정책 | D30: 114 | E30: 주주환원정책 영문자료 제공 여부 | F30: OX | G30: 기업지배구조보고서 | H30: G-3-4
A31: 30 | B31: 핵심원칙1_주주의권리 | C31: 1-④_주주환원정책 | D31: 115 | E31: 현금배당 관련 예측가능성 제공(배당기준일 이전 배당결정) | F31: OX | G31: 기업지배구조보고서 | H31: G-3-4 | I31: 표 1-4-1
A32: 31 | B32: 핵심원칙1_주주의권리 | C32: 1-④_주주환원정책 | D32: 116 | E32: 상장회사협의회 표준정관 개정 반영 여부 | F32: OX | G32: 기업지배구조보고서 | H32: G-3-4
A33: 32 | B33: 핵심원칙1_주주의권리 | C33: 1-⑤_배당등주주권리 | D33: 117 | E33: 최근 3개년 주당 배당금 | F33: 숫자 | G33: 기업지배구조보고서/지속가능경영보고서 | H33: G-3-4 | I33: 표 1-5-1-1
A34: 33 | B34: 핵심원칙1_주주의권리 | C34: 1-⑤_배당등주주권리 | D34: 118 | E34: 최근 3개년 시가배당률(%) | F34: 숫자 | G34: 기업지배구조보고서/지속가능경영보고서 | H34: G-3-4
A35: 34 | B35: 핵심원칙1_주주의권리 | C35: 1-⑤_배당등주주권리 | D35: 119 | E35: 최근 3개년 현금배당성향(연결/개별, %) | F35: 숫자 | G35: 기업지배구조보고서/지속가능경영보고서 | H35: G-3-4 | I35: 표 1-5-1-2
A36: 35 | B36: 핵심원칙1_주주의권리 | C36: 1-⑤_배당등주주권리 | D36: 120 | E36: 차등배당·분기배당·중간배당 실시여부 | F36: OX | G36: 기업지배구조보고서 | H36: G-3-4
A37: 36 | B37: 핵심원칙1_주주의권리 | C37: 1-⑤_배당등주주권리 | D37: 121 | E37: 자사주 매입·소각 등 배당외 주주환원 실시내역 | F37: 텍스트 | G37: 기업지배구조보고서/지속가능경영보고서 | H37: G-3-4
A38: 37 | B38: 핵심원칙2_주주의공평한대우 | C38: 2-①_의결권및정보제공 | D38: 201 | E38: 발행가능주식총수 대비 발행주식수(%) | F38: 숫자 | G38: 기업지배구조보고서 | H38: G-3(주주권리 보강)
A39: 38 | B39: 핵심원칙2_주주의공평한대우 | C39: 2-①_의결권및정보제공 | D39: 202 | E39: 종류주식별 의결권 부여 내용 | F39: 텍스트 | G39: 기업지배구조보고서 | H39: G-3(주주권리 보강)
A40: 39 | B40: 핵심원칙2_주주의공평한대우 | C40: 2-①_의결권및정보제공 | D40: 203 | E40: IR·컨퍼런스콜 등 주주와의 대화 개최 여부 | F40: OX | G40: 기업지배구조보고서/지속가능경영보고서 | H40: G-3(주주권리 보강)
A41: 40 | B41: 핵심원칙2_주주의공평한대우 | C41: 2-①_의결권및정보제공 | D41: 204 | E41: 소액주주 별도 소통행사 개최여부 | F41: OX | G41: 기업지배구조보고서/지속가능경영보고서 | H41: G-3(주주권리 보강)
A42: 41 | B42: 핵심원칙2_주주의공평한대우 | C42: 2-①_의결권및정보제공 | D42: 205 | E42: 해외투자자 별도 소통행사 개최여부 | F42: OX | G42: 기업지배구조보고서/지속가능경영보고서 | H42: G-3(주주권리 보강)
A43: 42 | B43: 핵심원칙2_주주의공평한대우 | C43: 2-①_의결권및정보제공 | D43: 206 | E43: IR 담당부서 연락처 상세 안내(문의창구) 시행여부 | F43: OX | G43: 기업지배구조보고서/지속가능경영보고서 | H43: G-3(주주권리 보강)
A44: 43 | B44: 핵심원칙2_주주의공평한대우 | C44: 2-①_의결권및정보제공 | D44: 207 | E44: 영문 IR 사이트 운영 여부 | F44: OX | G44: 기업지배구조보고서/지속가능경영보고서 | H44: G-3(주주권리 보강)
A45: 44 | B45: 핵심원칙2_주주의공평한대우 | C45: 2-①_의결권및정보제공 | D45: 208 | E45: 외국인 담당 직원 지정 여부 | F45: OX | G45: 기업지배구조보고서 | H45: G-3(주주권리 보강)
A46: 45 | B46: 핵심원칙2_주주의공평한대우 | C46: 2-①_의결권및정보제공 | D46: 209 | E46: 영문공시 비율(%) | F46: 숫자 | G46: 기업지배구조보고서 | H46: G-3(주주권리 보강)
A47: 46 | B47: 핵심원칙2_주주의공평한대우 | C47: 2-①_의결권및정보제공 | D47: 210 | E47: 불성실공시법인 지정 여부·건수 | F47: OX/숫자 | G47: 사업보고서(DART) | H47: G-3(주주권리 보강)
... A52: 51 | B52: 핵심원칙3_이사회기능 | C52: 3-①_경영의사결정및감독 | D52: 301 | E52: 이사회 심의·의결사항 및 법정 외 강화기준 존재여부 | F52: OX/텍스트 | G52: 기업지배구조보고서 | H52: G-1-1(이사회 기능 보강)
A53: 52 | B53: 핵심원칙3_이사회기능 | C53: 3-②_CEO승계정책 | D53: 302 | E53: 최고경영자 승계정책 수립 여부 | F53: OX | G53: 기업지배구조보고서 | H53: G-경영진-추가1 | I53: 핵심지표 H06과 연계
A54: 53 | B54: 핵심원칙3_이사회기능 | C54: 3-②_CEO승계정책 | D54: 303 | E54: 승계정책 내 후보(집단) 선정 절차 존재여부 | F54: OX | G54: 기업지배구조보고서 | H54: G-경영진-추가1
A55: 54 | B55: 핵심원칙3_이사회기능 | C55: 3-②_CEO승계정책 | D55: 304 | E55: 후보군 교육 실시 여부 | F55: OX | G55: 기업지배구조보고서 | H55: G-경영진-추가1
A56: 55 | B56: 핵심원칙3_이사회기능 | C56: 3-③_내부통제정책 | D56: 305 | E56: 전사 리스크관리 정책 마련 여부 | F56: OX | G56: 기업지배구조보고서 | H56: G-4-1, G-5-1 | I56: 핵심지표 H07 구성요소
A57: 56 | B57: 핵심원칙3_이사회기능 | C57: 3-③_내부통제정책 | D57: 306 | E57: 준법경영(윤리경영/행동강령) 정책 마련 여부 | F57: OX | G57: 기업지배구조보고서/지속가능경영보고서 | H57: G-4-1, G-5-1
A58: 57 | B58: 핵심원칙3_이사회기능 | C58: 3-③_내부통제정책 | D58: 307 | E58: 내부회계관리 정책 마련 여부 | F58: OX | G58: 기업지배구조보고서 | H58: G-4-1, G-5-1
A59: 58 | B59: 핵심원칙3_이사회기능 | C59: 3-③_내부통제정책 | D59: 308 | E59: 공시정보관리 정책 마련 여부 | F59: OX | G59: 기업지배구조보고서 | H59: G-4-1, G-5-1
A60: 59 | B60: 핵심원칙4_이사회구성 | C60: 4-①_이사회구성및독립성 | D60: 401 | E60: 이사 총원(사내/사외/기타비상무 인원수) | F60: 숫자 | G60: 기업지배구조보고서/지속가능경영보고서 | H60: G-1-2, G-1-3 | I60: 표 4-1-2
A61: 60 | B61: 핵심원칙4_이사회구성 | C61: 4-①_이사회구성및독립성 | D61: 402 | E61: 사외이사 비율(%) | F61: 숫자 | G61: 기업지배구조보고서/지속가능경영보고서 | H61: G-1-2, G-1-3
A62: 61 | B62: 핵심원칙4_이사회구성 | C62: 4-①_이사회구성및독립성 | D62: 403 | E62: 이사회 내 위원회 목록 및 위원 구성 | F62: 텍스트 | G62: 기업지배구조보고서 | H62: G-1-2, G-1-3 | I62: 표 4-1-3-1/2
A63: 62 | B63: 핵심원칙4_이사회구성 | C63: 4-①_이사회구성및독립성 | D63: 404 | E63: ESG(지속가능경영)위원회 설치 여부 | F63: OX | G63: 기업지배구조보고서/지속가능경영보고서 | H63: G-1-2, G-1-3
A64: 63 | B64: 핵심원칙4_이사회구성 | C64: 4-①_이사회구성및독립성 | D64: 405 | E64: 이사회 의장이 사외이사인지 여부 | F64: OX | G64: 기업지배구조보고서 | H64: G-1-2, G-1-3 | I64: 핵심지표 H08
A65: 64 | B65: 핵심원칙4_이사회구성 | C65: 4-①_이사회구성및독립성 | D65: 406 | E65: 선임사외이사 제도 시행 여부 | F65: OX | G65: 기업지배구조보고서 | H65: G-1-2, G-1-3
A66: 65 | B66: 핵심원칙4_이사회구성 | C66: 4-①_이사회구성및독립성 | D66: 407 | E66: 집행임원 제도 시행 여부 | F66: OX | G66: 기업지배구조보고서 | H66: G-1-2, G-1-3
A67: 66 | B67: 핵심원칙4_이사회구성 | C67: 4-②_전문성과다양성 | D67: 408 | E67: 이사회 성별구성 특례 적용대상 기업 여부 | F67: OX | G67: 기업지배구조보고서 | H67: G-1-4 | I67: 자본시장법 §165의20
A68: 67 | B68: 핵심원칙4_이사회구성 | C68: 4-②_전문성과다양성 | D68: 409 | E68: 이사회 구성원 성별 다양성 확보 여부(동성 아님) | F68: OX | G68: 기업지배구조보고서 | H68: G-1-4 | I68: 핵심지표 H11
A69: 68 | B69: 핵심원칙4_이사회구성 | C69: 4-③_이사후보추천 | D69: 410 | E69: 이사후보추천위원회(등) 설치 여부 | F69: OX | G69: 기업지배구조보고서/지속가능경영보고서 | H69: G-1-2, G-3-3
A70: 69 | B70: 핵심원칙4_이사회구성 | C70: 4-③_이사후보추천 | D70: 411 | E70: 이사후보추천위원회 내 사외이사 비율(%) | F70: 숫자 | G70: 기업지배구조보고서 | H70: G-1-2, G-3-3
A71: 70 | B71: 핵심원칙4_이사회구성 | C71: 4-③_이사후보추천 | D71: 412 | E71: 재선임 이사 과거 이사회 활동내역 공개 여부 | F71: OX | G71: 기업지배구조보고서 | H71: G-1-2, G-3-3
A72: 71 | B72: 핵심원칙4_이사회구성 | C72: 4-③_이사후보추천 | D72: 413 | E72: 집중투표제 채택 여부 | F72: OX | G72: 기업지배구조보고서 | H72: G-1-2, G-3-3 | I72: 핵심지표 H09
A73: 72 | B73: 핵심원칙4_이사회구성 | C73: 4-④_부적격자임원선임방지 | D73: 414 | E73: 기업가치훼손·주주권익침해 책임자 임원선임 방지 정책 시행여부 | F73: OX | G73: 기업지배구조보고서 | H73: G-4-1 | I73: 핵심지표 H10
A74: 73 | B74: 핵심원칙4_이사회구성 | C74: 4-④_부적격자임원선임방지 | D74: 415 | E74: 횡령·배임·불공정거래 등 기소·확정판결 이력자 임원재직 여부 | F74: OX | G74: 사업보고서(DART) | H74: G-4-1
A75: 74 | B75: 핵심원칙5_사외이사책임 | C75: 5-①_이해관계없는사외이사 | D75: 501 | E75: 사외이사 선임단계 이해관계 확인절차 시행 여부 | F75: OX | G75: 기업지배구조보고서 | H75: G-1-5
A76: 75 | B76: 핵심원칙5_사외이사책임 | C76: 5-①_이해관계없는사외이사 | D76: 502 | E76: 사외이사(계열회사 포함) 재직기간(개인별, 월) | F76: 숫자 | G76: 기업지배구조보고서 | H76: G-1-5
A77: 76 | B77: 핵심원칙5_사외이사책임 | C77: 5-②_충분한시간과노력 | D77: 503 | E77: 사외이사 타기업 겸직 현황(겸직기관수 등) | F77: 숫자/텍스트 | G77: 기업지배구조보고서 | H77: G-1-5
A78: 77 | B78: 핵심원칙5_사외이사책임 | C78: 5-③_정보자원제공 | D78: 504 | E78: 사외이사 지원 전담인력 배치 여부 | F78: OX | G78: 기업지배구조보고서 | H78: G-1-5
A79: 78 | B79: 핵심원칙5_사외이사책임 | C79: 5-③_정보자원제공 | D79: 505 | E79: 사외이사 대상 교육(대면/화상) 실시 여부 | F79: OX | G79: 기업지배구조보고서/지속가능경영보고서 | H79: G-1-5
A80: 79 | B80: 핵심원칙5_사외이사책임 | C80: 5-③_정보자원제공 | D80: 506 | E80: 사외이사만 참여하는 별도회의 개최 여부·횟수 | F80: OX/숫자 | G80: 기업지배구조보고서 | H80: G-1-5
A81: 80 | B81: 핵심원칙6_사외이사평가 | C81: 6-①_개별평가와재선임반영 | D81: 601 | E81: 사외이사 개별평가 실시 여부(자기/상호/외부평가) | F81: OX | G81: 기업지배구조보고서 | H81: G-1-5(평가 보강)
A82: 81 | B82: 핵심원칙6_사외이사평가 | C82: 6-①_개별평가와재선임반영 | D82: 602 | E82: 사외이사 평가결과 재선임 반영 여부 | F82: OX | G82: 기업지배구조보고서 | H82: G-1-5(평가 보강)
A83: 82 | B83: 핵심원칙6_사외이사평가 | C83: 6-②_보수의적정성 | D83: 603 | E83: 사외이사 보수 정책 수립 여부 | F83: OX | G83: 기업지배구조보고서 | H83: G-1-5(평가 보강)
A84: 83 | B84: 핵심원칙6_사외이사평가 | C84: 6-②_보수의적정성 | D84: 604 | E84: 사외이사 스톡옵션 부여 여부 | F84: OX | G84: 기업지배구조보고서 | H84: G-1-5(평가 보강)
A85: 84 | B85: 핵심원칙6_사외이사평가 | C85: 6-②_보수의적정성 | D85: 605 | E85: 스톡옵션 행사조건 성과 연동 여부 | F85: OX | G85: 기업지배구조보고서 | H85: G-1-5(평가 보강)
... A87: 86 | B87: 핵심원칙7_이사회운영 | C87: 7-①_정기개최와운영규정 | D87: 702 | E87: 이사회 운영규정 존재 여부 | F87: OX | G87: 기업지배구조보고서 | H87: G-2-1, G-2-2
A88: 87 | B88: 핵심원칙7_이사회운영 | C88: 7-①_정기개최와운영규정 | D88: 703 | E88: 이사회 개최횟수(정기/임시) | F88: 숫자 | G88: 기업지배구조보고서/지속가능경영보고서 | H88: G-2-1, G-2-2 | I88: 표 7-1-1
A89: 88 | B89: 핵심원칙7_이사회운영 | C89: 7-①_정기개최와운영규정 | D89: 704 | E89: 안건통지-개최일 평균 간격(일) | F89: 숫자 | G89: 기업지배구조보고서 | H89: G-2-1, G-2-2
A90: 89 | B90: 핵심원칙7_이사회운영 | C90: 7-①_정기개최와운영규정 | D90: 705 | E90: 이사 평균 출석률(%) | F90: 숫자 | G90: 기업지배구조보고서/지속가능경영보고서 | H90: G-2-1, G-2-2
A91: 90 | B91: 핵심원칙7_이사회운영 | C91: 7-①_정기개최와운영규정 | D91: 706 | E91: 임원보수 정책 수립 여부 | F91: OX | G91: 기업지배구조보고서 | H91: G-2-1, G-2-2
A92: 91 | B92: 핵심원칙7_이사회운영 | C92: 7-①_정기개최와운영규정 | D92: 707 | E92: 임원보수 정책 공개 여부 | F92: OX | G92: 기업지배구조보고서 | H92: G-2-1, G-2-2
A93: 92 | B93: 핵심원칙7_이사회운영 | C93: 7-①_정기개최와운영규정 | D93: 708 | E93: 임원배상책임보험(D&O) 가입 여부 | F93: OX | G93: 기업지배구조보고서/지속가능경영보고서 | H93: G-2-1, G-2-2
A94: 93 | B94: 핵심원칙7_이사회운영 | C94: 7-①_정기개최와운영규정 | D94: 709 | E94: 이해관계자 이익 고려 여부 | F94: OX | G94: 기업지배구조보고서 | H94: G-2-1, G-2-2
A95: 94 | B95: 핵심원칙7_이사회운영 | C95: 7-②_의사록과활동공개 | D95: 710 | E95: 이사회 의사록·녹취록 작성·보존 규정 여부 | F95: OX | G95: 기업지배구조보고서 | H95: G-2-4
A96: 95 | B96: 핵심원칙7_이사회운영 | C96: 7-②_의사록과활동공개 | D96: 711 | E96: 개별이사 출석률·안건 찬성률(최근3개년) | F96: 숫자 | G96: 기업지배구조보고서 | H96: G-2-4 | I96: 표 7-2-1
A97: 96 | B97: 핵심원칙7_이사회운영 | C97: 7-②_의사록과활동공개 | D97: 712 | E97: 정기공시 외 개별이사 활동내용 공개 여부 | F97: OX | G97: 기업지배구조보고서 | H97: G-2-4
A98: 97 | B98: 핵심원칙8_이사회내위원회 | C98: 8-①_위원구성 | D98: 801 | E98: 각 위원회 사외이사 과반수 선임 여부 | F98: OX | G98: 기업지배구조보고서 | H98: G-2-3
A99: 98 | B99: 핵심원칙8_이사회내위원회 | C99: 8-①_위원구성 | D99: 802 | E99: 감사위원회·보수(보상)위원회 전원 사외이사 구성 여부 | F99: OX | G99: 기업지배구조보고서 | H99: G-2-3
A100: 99 | B100: 핵심원칙8_이사회내위원회 | C100: 8-②_위원회운영과보고 | D100: 803 | E100: 이사회내 위원회 명문규정 존재 여부 | F100: OX | G100: 기업지배구조보고서 | H100: G-2-3
A101: 100 | B101: 핵심원칙8_이사회내위원회 | C101: 8-②_위원회운영과보고 | D101: 804 | E101: 위원회 결의사항 이사회 보고 여부 | F101: OX | G101: 기업지배구조보고서 | H101: G-2-3
A102: 101 | B102: 핵심원칙8_이사회내위원회 | C102: 8-②_위원회운영과보고 | D102: 805 | E102: 위원회별 개최횟수·안건·가결여부 | F102: 숫자/텍스트 | G102: 기업지배구조보고서 | H102: G-2-3 | I102: 표 8-2-1~3
A103: 102 | B103: 핵심원칙9_내부감사기구 | C103: 9-①_독립성과전문성 | D103: 901 | E103: 감사위원회 설치 여부 | F103: OX | G103: 기업지배구조보고서 | H103: G-5-1, G-5-2 | I103: 핵심지표 H12 연계
A104: 103 | B104: 핵심원칙9_내부감사기구 | C104: 9-①_독립성과전문성 | D104: 902 | E104: 회계 또는 재무전문가 존재 여부 | F104: OX | G104: 기업지배구조보고서 | H104: G-5-1, G-5-2 | I104: 핵심지표 H13
A105: 104 | B105: 핵심원칙9_내부감사기구 | C105: 9-①_독립성과전문성 | D105: 903 | E105: 내부감사기구 운영규정 존재 여부 | F105: OX | G105: 기업지배구조보고서 | H105: G-5-1, G-5-2
...

Sheet 04_KSSB갭분석
B2: KSSB 대비 GAP 분석
B3: KSSB(한국지속가능성기준위원회) 지속가능성 공시기준서 제1호(일반요구사항)·제2호(기후) 대비 K-ESG 가이드라인 v2.0의 대응 현황
B4: ※ 본 GAP 분석의 KSSB 조문번호는 2024.4 공개초안 기준이며, 2026.2.26 최종 제정본 대비 재검증이 필요합니다.
B5: 1. K-ESG v2.0(91개 항목 기준) 영역별 KSSB 대응 현황
B6: 영역 | C6: 완전대응 | D6: 부분대응 | E6: GAP(대응지표 없음) | F6: 항목수 합계 | G6: 완전대응율
B7: 정보공시 | C7: 1 | D7: 4 | E7: 0 | F7: =C7+D7+E7 -> 5 | G7: =IFERROR(C7/F7,0) -> 0.2
B8: 환경 | C8: 5 | D8: 12 | E8: 15 | F8: =C8+D8+E8 -> 32 | G8: =IFERROR(C8/F8,0) -> 0.15625
B9: 사회 | C9: 0 | D9: 5 | E9: 29 | F9: =C9+D9+E9 -> 34 | G9: =IFERROR(C9/F9,0) -> 0
B10: 지배구조 | C10: 2 | D10: 10 | E10: 8 | F10: =C10+D10+E10 -> 20 | G10: =IFERROR(C10/F10,0) -> 0.1
B11: 전체 | C11: =SUM(C7:C10) -> 8 | D11: =SUM(D7:D10) -> 31 | E11: =SUM(E7:E10) -> 52 | F11: =SUM(F7:F10) -> 91 | G11: =IFERROR(C11/F11,0) -> 0.087912088
B14: 2. KSSB 및 주요 ESG 공시·평가기준 대비 추가 관리 필요사항 (9건)
B15: 아래 항목은 91개 진단항목 어디에도 대응 지표가 없는 사항입니다. KSSB 요구사항뿐 아니라 GRI·TNFD·한국거래소 등 관련 기준도 포함되어 있어(근거 열 참조), 공시·평가 대응 시 신규 관리체계 구축이 필요합니다.
B17: No | C17: KSSB 요구 주제 | D17: KSSB/기타 근거 | E17: 관련 영역 | F17: GAP 설명 | G17: 개선 권고
B18: 1 | C18: 내부탄소가격(Internal Carbon Price) | D18: KSSB 제2호 문단 29(6) | E18: 환경(E) | F18: 투자의사결정·자본배치·시나리오분석에 적용하는 내부 탄소가격(Shadow Price) 정책 수립 여부를 공시하는 항목이 K-ESG v2.0 69개 기본/16개 추가 진단항목에 존재하지 않음. | G18: 내부탄소가격 운영지침을 수립하고 투자의사결정 문서에 반영, 매년 공시
B19: 2 | C19: 이중중대성평가(Double Materiality) | D19: KSSB 제1호 문단 17~19 | E19: 정보공시(P) | F19: 재무적 중대성과 이해관계자 관점의 영향 중대성을 모두 평가하는 이중중대성 평가 절차가 P-2-1(핵심이슈 및 KPI)에 명시적으로 요구되지 않음. | G19: 이중중대성 평가 프로세스를 문서화하고 중대 이슈 목록·평가방법론을 별도 공시
B20: 3 | C20: 조세 투명성(CbCR) | D20: GRI 207-1~4 (KSSB 미규정이나 글로벌 공시관행) | E20: 지배구조(G) | F20: 국가별 납세현황(Country-by-Country Reporting) 공시 항목이 K-ESG v2.0에 없음. | G20: 조세방침 문서화 및 국가별 세전이익·법인세납부액 요약 공시
B21: 4 | C21: 경영진 ESG-KPI 연계 보상 비율 | D21: KSSB 제2호 문단 29(7) | E21: 지배구조(G) | F21: G-경영진-추가1(성과평가 및 보상)이 일반 성과평가는 다루나, ESG/기후 성과지표의 보수 연계 비율을 정량 공시하는 항목은 부분적으로만 대응. | G21: 대표이사·경영진 성과급 산정기준 내 ESG/기후 KPI 반영비율을 정량 공시
B22: 5 | C22: Scope 3 15개 카테고리별 세분화 공시 | D22: KSSB 제2호 문단 29(1)(사) | E22: 환경(E) | F22: E-3-2는 '범주인식-산정-검증' 3단계로 단순화되어 있어 GHG Protocol 15개 카테고리별 개별 공시 수준까지는 요구하지 않음. | G22: Scope3 15개 카테고리 전체를 스크리닝하고 중요 카테고리는 개별 정량 산정치 공시
B23: 6 | C23: 기후 시나리오 정량 재무영향(1.5℃/4℃ 등) | D23: KSSB 제2호 문단 22, B1~B18 | E23: 환경(E) | F23: E-10-3/E-10-4가 물리·전환 리스크 식별은 요구하나 특정 시나리오(NGFS/IPCC) 기반 정량 재무영향 산정까지는 요구 수준이 낮음. | G23: NGFS·IPCC 시나리오 기반 정량 재무영향(매출·비용·자산가치 영향)을 산정하여 공시
B24: 7 | C24: 생물다양성 정량 목표(No Net Loss 등) | D24: TNFD 권고안 (KSSB 별도 기준서 미제정) | E24: 환경(E) | F24: E-11 시리즈는 자연자본 식별·전략 수립 여부까지만 다루며 TNFD의 정량적 손실제로(No Net Loss) 목표설정까지는 요구하지 않음. | G24: TNFD LEAP 접근법에 따른 자연자본 영향 평가 및 정량 목표(No Net Loss/Net Positive) 수립
B25: 8 | C25: 금융배출량(Financed Emissions, PCAF) | D25: KSSB 제2호 문단 29A, B58~B63A | E25: 해당없음 | F25: 제조업 등 비금융업에는 해당하지 않으나, 금융계열사를 보유한 기업집단은 KSSB상 별도 공시의무 발생 가능. | G25: 금융업 영위 계열사가 있는 경우 PCAF 기준 자산군별 금융배출량 산정·공시 검토
B26: 9 | C26: 기업가치제고계획(밸류업 프로그램) 공시 | D26: 한국거래소·금융위 자율공시 기준(KSSB 직접 규정 없음) | E26: 지배구조(G) | F26: 기업가치 제고 계획의 자율공시, 이사회 참여, 주주 소통 실적 등 밸류업 프로그램 관련 항목이 K-ESG v2.0에 없음. | G26: 기업가치 제고 계획을 수립해 이사회 승인 후 자율공시하고, 연 1회 이상 주주·시장과 소통 실적을 공시

Sheet 05_요약대시보드
B2: ESG 통합진단 요약 대시보드
B3: 01_ESG통합진단마스터 시트의 입력값을 기준으로 자동 집계됩니다 (수식 연동)
B5: 1. 진단 완료 현황
B6: 전체 진단항목 수 | C6: 91
B7: 점수 입력 완료 항목 수 | C7: =COUNT('01_ESG통합진단마스터'!X2:X43) -> 36
B8: 입력 완료율 | C8: =C7/C6 -> 0.3956044
B10: 2. 영역별(E/S/G/P) 평균 점수 (동일가중 단순평균 — 각 진단항목 100점 기준)
B11: 영역 | C11: 항목 수 | D11: 점수입력 완료수 | E11: 평균점수(100점 환산) | F11: 완전대응(KSSB) | G11: GAP(KSSB)
B12: 정보공시 | C12: =COUNTIF('01_ESG통합진단마스터'!$D$2:$D$43,B12) -> 5 | D12: =SUMPRODUCT(('01_ESG통합진단마스터'!$D$2:$D$43=B12)*ISNUMBER('01_ESG통합진단마스터'!$X$2:$X$43)) -> 5 | E12: =IFERROR(AVERAGEIFS('01_ESG통합진단마스터'!$X$2:$X$43,'01_ESG통합진단마스터'!$D$2:$D$43,B12),"미입력") -> 20 | F12: =COUNTIFS('01_ESG통합진단마스터'!$D$2:$D$43,B12,'01_ESG통합진단마스터'!$P$2:$P$43,"완전대응") -> 1 | G12: =COUNTIFS('01_ESG통합진단마스터'!$D$2:$D$43,B12,'01_ESG통합진단마스터'!$P$2:$P$43,"GAP(대응지표 없음)") -> 0
B13: 환경 | C13: =COUNTIF('01_ESG통합진단마스터'!$D$2:$D$43,B13) -> 17 | D13: =SUMPRODUCT(('01_ESG통합진단마스터'!$D$2:$D$43=B13)*ISNUMBER('01_ESG통합진단마스터'!$X$2:$X$43)) -> 12 | E13: =IFERROR(AVERAGEIFS('01_ESG통합진단마스터'!$X$2:$X$43,'01_ESG통합진단마스터'!$D$2:$D$43,B13),"미입력") -> 33.333333 | F13: =COUNTIFS('01_ESG통합진단마스터'!$D$2:$D$43,B13,'01_ESG통합진단마스터'!$P$2:$P$43,"완전대응") -> 4 | G13: =COUNTIFS('01_ESG통합진단마스터'!$D$2:$D$43,B13,'01_ESG통합진단마스터'!$P$2:$P$43,"GAP(대응지표 없음)") -> 9
B14: 사회 | C14: =COUNTIF('01_ESG통합진단마스터'!$D$2:$D$43,B14) -> 0 | D14: =SUMPRODUCT(('01_ESG통합진단마스터'!$D$2:$D$43=B14)*ISNUMBER('01_ESG통합진단마스터'!$X$2:$X$43)) -> 0 | E14: =IFERROR(AVERAGEIFS('01_ESG통합진단마스터'!$X$2:$X$43,'01_ESG통합진단마스터'!$D$2:$D$43,B14),"미입력") -> 미입력 | F14: =COUNTIFS('01_ESG통합진단마스터'!$D$2:$D$43,B14,'01_ESG통합진단마스터'!$P$2:$P$43,"완전대응") -> 0 | G14: =COUNTIFS('01_ESG통합진단마스터'!$D$2:$D$43,B14,'01_ESG통합진단마스터'!$P$2:$P$43,"GAP(대응지표 없음)") -> 0
B15: 지배구조 | C15: =COUNTIF('01_ESG통합진단마스터'!$D$2:$D$43,B15) -> 20 | D15: =SUMPRODUCT(('01_ESG통합진단마스터'!$D$2:$D$43=B15)*ISNUMBER('01_ESG통합진단마스터'!$X$2:$X$43)) -> 19 | E15: =IFERROR(AVERAGEIFS('01_ESG통합진단마스터'!$X$2:$X$43,'01_ESG통합진단마스터'!$D$2:$D$43,B15),"미입력") -> 43.947368 | F15: =COUNTIFS('01_ESG통합진단마스터'!$D$2:$D$43,B15,'01_ESG통합진단마스터'!$P$2:$P$43,"완전대응") -> 2 | G15: =COUNTIFS('01_ESG통합진단마스터'!$D$2:$D$43,B15,'01_ESG통합진단마스터'!$P$2:$P$43,"GAP(대응지표 없음)") -> 8
B16: 전체(종합) | C16: =SUM(C12:C15) -> 42 | D16: =SUM(D12:D15) -> 36 | E16: =IFERROR(AVERAGE('01_ESG통합진단마스터'!$X$2:$X$43),"미입력") -> 37.083333 | F16: =SUM(F12:F15) -> 7 | G16: =SUM(G12:G15) -> 17
B19: 3. 적용구분별 항목 수 (기본/추가/업종특화)
B20: 적용구분 | C20: 항목 수 | D20: 점수입력 완료수 | E20: 평균점수
B21: 기본진단항목(v2.0) | C21: =COUNTIF('01_ESG통합진단마스터'!$C$2:$C$43,B21) -> 34 | D21: =SUMPRODUCT(('01_ESG통합진단마스터'!$C$2:$C$43=B21)*ISNUMBER('01_ESG통합진단마스터'!$X$2:$X$43)) -> 34 | E21: =IFERROR(AVERAGEIFS('01_ESG통합진단마스터'!$X$2:$X$43,'01_ESG통합진단마스터'!$C$2:$C$43,B21),"미입력") -> 36.323529
B22: 추가진단항목(v2.0) | C22: =COUNTIF('01_ESG통합진단마스터'!$C$2:$C$43,B22) -> 2 | D22: =SUMPRODUCT(('01_ESG통합진단마스터'!$C$2:$C$43=B22)*ISNUMBER('01_ESG통합진단마스터'!$X$2:$X$43)) -> 2 | E22: =IFERROR(AVERAGEIFS('01_ESG통합진단마스터'!$X$2:$X$43,'01_ESG통합진단마스터'!$C$2:$C$43,B22),"미입력") -> 50
B23: 업종특화(반도체 v1.0) | C23: =COUNTIF('01_ESG통합진단마스터'!$C$2:$C$43,B23) -> 6 | D23: =SUMPRODUCT(('01_ESG통합진단마스터'!$C$2:$C$43=B23)*ISNUMBER('01_ESG통합진단마스터'!$X$2:$X$43)) -> 0 | E23: =IFERROR(AVERAGEIFS('01_ESG통합진단마스터'!$X$2:$X$43,'01_ESG통합진단마스터'!$C$2:$C$43,B23),"미입력") -> 미입력
B26: 4. 참고
B27: 평균점수는 각 영역 내 모든 항목에 동일 가중치(1/N)를 부여한 단순평균이며, 복합가중형 항목은 수동입력된 값만 반영됩니다.
B28: 조직의 ESG 전략에 따라 항목별 가중치를 달리 적용하려면 K-ESG v2.0 원문(38p "가중치 결정" 절) 방식을 참고해 별도 가중평균표를 구성하세요.
