Workbook

Sheet 01_ESG통합진단마스터
A1: [분리본: S(사회)] 원본 「ESG_핵심지표_채점기준표_전체」 01시트를 분류코드 기준으로 재분류한 파일입니다.
A2: No | B2: 분류코드 | C2: 적용구분 | D2: 영역 | E2: 범주 | F2: 진단항목명 | G2: 항목설명 | H2: 데이터원천(수집처) | I2: 데이터기간 | J2: 데이터범위 | K2: 데이터산식(정량화공식) | L2: 채점유형 | M2: 최대단계수 | N2: 배점구조 요약 | O2: 점검기준 상세(K-ESG v2.0 원문) | P2: KSSB 대응현황 | Q2: KSSB 참고근거 | R2: 기타 참고기준(GRI/SASB/TCFD/KCGS 등) | S2: 원본 출처파일 | T2: [입력]충족단계/요건수 | U2: [입력]위반유형1 | V2: [입력]위반유형2 | W2: [입력]위반유형3 | X2: 자사취득점수(0~100) | Y2: 개선 가이드 | Z2: 비고 | AA2: 실사 진단 질문 | AB2: 답변형식
A3: 31 | B3: S-1-1 | C3: 기본진단항목(v2.0) | D3: 사회 | E3: 목표 | F3: 목표 수립 및 공시 | G3:  조직이 중요하게 생각하는 사회분야의 이슈에 대하여, 재무적 가치와 사회적 가치의 균형점을 찾는 구체적인 목표를 설정하고, 이를 달성하기 위한 노력을 하는지 확인  ESG(지속가능경영)보고서를 통해 도출된 중요한 사회분야 이슈에 대해서 정성/정량적인 목표를 투자자, 고객 등 이해관계자 에게 공개하고 있는지 점검 | H3: ESG(지속가능경영)보고서 내 핵심토픽 리스트 핵심토픽 단기/중장기 성과목표 공시데이터(정성/정량) 핵심토픽 단기/중장기 이행현황 공시데이터(정성/정량) | I3: 직전 회계연도 | J3: 국내 및 해외 사업장 | K3: N/A | L3: 단계형 | M3: 5 | N3: 단계형: 1단계=0점 / 2단계=25점 / 3단계=50점 / 4단계=75점 / 5단계=100점 | O3: 1단계 | 단기/중장기 성과목표 또는 조직의 사회 분야 추진 방향성을 나타내는 사회분야 경영 미션/비전/지향점이 없는 경우 | 2단계 | 단기/중장기 성과목표는 수립되지 않았으나, 조직의 사회 분야 추진 방향성을 나타내는 사회분야 미션/비전/지향점을 제시하고 | 있는 경우 | 3단계 | 조직의 사회분야 핵심이슈에 대한 단기 목표를 설정하고 있는 경우 | 4단계 | 조직의 사회분야 핵심이슈에 대한 중장기 목표를 설정하고 있으나, 모든 중장기 목표가 정성적 형태로 되어 있는 경우 | 5단계 | 조직의 사회분야 핵심이슈에 대한 중장기 목표를 설정하고 있으며, 중장기 목표에는 정성 外 정량적 목표를 포함하고 있는 경우 | P3: 부분대응 | Q3: KSSB 제1호 문단 51(지표 및 목표) | R3: GRI 3 | S3: 1_2_0_업종별 K-ESG 가이드라인(v2.0) 진단항목 | Y3:  조직은 중대성 평가(Materiality Test)를 통해 조직의 사업운영 및 외부환경에 중요한 영향력을 행사하는 핵심이슈를 도출할 수 있다. 조직은 사업운영에 해당하는 모든 직/간접 사회 분야 규제를 관리해야 함과 동시에 사업성과와 연계된 핵심이슈에 대해서는 목표에 의한 성과관리(MBO)가 필요하다. 조직이 수립할 수 있는 사회 분야 목표와 관련된 핵심이슈는 아래와 같다. 인권 리스크 저감 구성원 다양성 증진 차별 및 괴롭힘 방지 산업재해율 저감 협력사 ESG 지원 동반성장 및 상생협력 지역사회 투자 확대 개인정보 유출 최소화 소비자 정보 제공 제품 품질 및 안전 증진  목표는 조직이 의도적으로 달성하고자 하는 상태를 말하며, 조직의 성과와 관련된 작업행동의… | AA3: 사회 분야 핵심이슈에 대해 중장기 정성/정량 목표를 설정/공시합니까? | AB3: 단계(1~5)
A4: 32 | B4: S-2-1 | C4: 기본진단항목(v2.0) | D4: 사회 | E4: 노동 | F4: 신규 채용 및 고용 유지 | G4:  조직이 신규 채용을 통해 지속적 성장에 필요한 인적자본을 축적함과 동시에, 지역사회의 일자리 창출, 고용안정성 증대에 기여하고 있는지 확인  조직이 창출한 부가가치를 채용에 투자하고 있는지, 조직의 고용 규모가 안정적인지 점검 | H4: ‘전자공시시스템’ 上 사업보고서, ‘조직별 홈페이지’ 上 지속가능경영보고서 | I4: 최근 4개 회계연도 | J4: 국내 및 해외 사업장 | K4: ① 신규 채용 지수 = (당해년도 신규 채용 인원 / 전년도 신규 채용 인원) / (당해년도 부가가치 / 전년도 부가가치) * 부가가치 = 영업손익 + 대손상각비 + 인건비 + 순금융비용 + 조세공과 + 감가상각비 ② 고용 규모 = 당해연도 총 인원 – 전년도 총 인원 * CAGR(연평균 증가율) 산식(4개년) : (최종 값 / 초기 값)∧(1/4) - 1 | L4: 복합가중형 | N4: 복합가중형: 2~3개 세부요소를 균등가중평균(예: 1/2+1/2, 1/3×3) — 세부 배점은 점검기준 상세 참조, 자사취득점수는 수동 산정 | O4: 추세(1/2) | 1단계 | 직전 1개년도 ‘신규 채용 지수’가 최근 3년 지수 평균 값 미만 | 2단계 | 직전 1개년도 ‘신규 채용 지수’가 최근 3년 지수 평균 값 동일 | 3단계 | 직전 1개년도 ‘신규 채용 지수’가 최근 3년 지수 평균 값 초과 | 추세(1/2) | 1단계 | 직전 4개년 연평균(CAGR)적으로 ‘고용 규모’가 감소 | 2단계 | 직전 4개년 연평균(CAGR)적으로 ‘고용 규모’가 유지 | 3단계 | 직전 4개년 연평균(CAGR)적으로 ‘고용 규모’가 증가 | * 3개년 이하 데이터 보유 시 해당 데이터로 추세 산정 | P4: GAP(대응지표 없음) | Q4: KSSB 인적자원 지표 미규정 | R4: GRI 401-1 | S4: 1_2_0_업종별 K-ESG 가이드라인(v2.0) 진단항목 | T4: 해당없음(복합가중형) | Y4:  신규채용은 지역사회의 일자리 창출, 고용안정성 증대 등 사회의 지속가능성 향상을 위해 필요한 요소이지만 조직이 속해있는 산업의 특성, 조직 규모 등 다양한 외부 환경을 고려할 때 무조건적인 신규채용 확대를 바람직하다고 이야기 할 수는 없을 것이다. 따라서 본 항목에서는 조직의 부가가치 창출 현황과 신규채용 인원을 통해 상대적인 신규채용 수준을 확인하고자 설계되었다.  본 항목에서의 신규채용이란 조직이 필요에 따라 구직자의 채용서류 심사 등을 기반으로 새로운 근무 인력을 채용하는 것을 의미한다. 여기서 새로운 인력이란 통계청의 경제활동인구조사 근로형태 중 비정규직 형태(한시적 근로자 또는 기간제 근로자, 단시간 근로자, 파견·용역·호출 등의 형태로 종사하는 근로자… | AA4: 부가가치 창출 대비 신규채용 지수 및 고용 규모(총인원)가 4개년 간 증가 추세입니까? | AB4: 단계(1~5)
A5: 33 | B5: S-2-2 | C5: 기본진단항목(v2.0) | D5: 사회 | E5: 노동 | F5: 정규직 비율 | G5:  정규직 근로자의 비율 확대가 조직과 사회의 지속가능성에 긍정적 영향을 미친다는 가정 하에 조직이 정규직 확대를 통해 지역 사회의 고용안정성 증가와 비정규직 근로자 문제에 기여하고 있는 정도를 확인  조직의 전체 인력 대비 정규직 비율을 점검 | H5: ‘전자공시시스템’ 上 사업보고서, ‘조직별 홈페이지’ 上 지속가능경영보고서 | I5: 최근 4개 회계연도 | J5: 국내 및 해외 사업장 | K5: 정규직 비율 = (해당연도말기준총근로자수– 한시적근로자또는기간제근로자– 단시간근로자– 파견·용역·호출 등의 형태로 종사하는 근로자 ) / 해당연도 말 기준 총 근로자 수 | L5: 단계형 | M5: 5 | N5: 단계형: 1단계=0점 / 2단계=25점 / 3단계=50점 / 4단계=75점 / 5단계=100점 | O5: 1단계 | 최근 4개년 간 정규직 비율 데이터가 관리되지 않는 경우 | 2단계 | 조직의 정규직 비율이 40%인 이하인 경우 | 3단계 | 조직의 정규직 비율이 40% 초과 60% 이하인 경우 | 4단계 | 조직의 정규직 비율이 60% 초과 80% 이하인 경우 | 5단계 | 조직의 정규직 비율이 80%를 초과하는 경우 | * 3개년 이하 데이터 보유 시 해당 데이터로 추세 산정 | P5: GAP(대응지표 없음) | Q5: KSSB 인적자원 지표 미규정 | R5: GRI 2-7 | S5: 1_2_0_업종별 K-ESG 가이드라인(v2.0) 진단항목 | Y5:  본 항목에서 사용하는 정규직의 정의는 통계청 경제활동인구조사 근로형태에 따라 1) 한시적 근로자, 2) 시간제 근로자, 3) 비전형 근로자(파견·용역 등) 등 비정규직을 제외한 기간의 정함이 없는 임금근로자를 통칭한다.  조직은 경영의 유연성을 위해 비정규직 근로자를 채용하여 활용할 수 있으나 비정규직 근로자의 고용불안과 함께 근로조건의 차별과 같은 사회적 문제가 지속해서 발생하며, 비정규직 근로자 문제 해결을 요구하는 사회적 목소리가 커지고 있다. 통계청의 경제활동인구조사 결과 2023년 기준 국내 비정규직 근로자 비율은 37% 지난 5년간 상승하는 추세에 있는 반면 비정규직 근로자의 근속기간은 정규직 근로자에 비해 상대적으로 짧은 것으로 나타나고 있다. 정규직… | AA5: 파견, 일용직 등을 제외한 기간의 정함이 없는 정규직 비율이 충분합니까? | AB5: 단계(1~5)
A6: 34 | B6: S-2-3 | C6: 기본진단항목(v2.0) | D6: 사회 | E6: 노동 | F6: 자발적 이직률 | G6:  조직의 인적자원 관리 수준이 적정한 수준을 유지하며 관리되고 있는지 확인  구성원이 자발적으로 조직을 이동함을 의미하는 자발적 이직의 비율을 점검(산업적 특성 반영) | H6: ‘전자공시시스템’ 上 사업보고서, ‘조직별 홈페이지’ 上 지속가능경영보고서 | I6: 최근 4개 회계연도 | J6: 국내 및 해외 사업장 | K6: 자발적 퇴사(이직)율 = 해당연도 총 자발적 퇴사자(이직자) 수 / 해당연도 말 총 직원 수 | L6: 단계형 | M6: 3 | N6: 단계형: 1단계=0점 / 2단계=50점 / 3단계=100점 | O6: 1단계 | 지난 4개년 자발적 이직률이 증가 추세 | 2단계 | 지난 4개년 자발적 이직률이 변동 없음 | 3단계 | 지난 4개년 자발적 이직률이 감소 추세 | * 자발적 이직률 데이터를 관리하지 않고 있는 경우 0점 적용 | * ‘유지 추세’로 판단할 경우 2단계로 적용하여 평가 | * 3개년 이하 데이터 보유 시 해당 데이터로 추세 산정 | P6: GAP(대응지표 없음) | Q6: KSSB 인적자원 지표 미규정 | R6: GRI 401-1 | S6: 1_2_0_업종별 K-ESG 가이드라인(v2.0) 진단항목 | Y6:  이직(퇴사)은 조직의 인적자원에 대한 변화를 초래함으로써 생산성에 영향을 미칠 수 있다. 또한, 이직은 조직의 인건비 지출 감소나 이직으로 인한 채용 등 비용과도 직접적인 관련을 가진다. 이직률은 근로자가 느끼는 불확실성과 불만족의 정도나 기업 구조의 근본적인 변화를 나타내는 지표로써 활용될 수 있다.  근로자의 이직(퇴사)은 자발적 또는 비자발적 경우로 구분할 수 있으며, 비자발적인 경우는 고용계약 종료, 구조조정이나 합병 및 해고 등에 따른 면직, 정년퇴직, 사망 등 근로자의 의사와 무관하게 진행되는 이직(퇴사)을 통칭한다.  본 항목은 조직의 직전 1개년도 ‘동종산업 평균퇴사(이직)율’을 활용하여 4개년 간의 이직률 추세를 함께 점검함으로써 조직의 상대적인… | AA6: 인적자원 관리 수준을 대변하는 자발적 이직률이 최근 4개년 간 감소 추세입니까? | AB6: 단계(1~5)
A7: 35 | B7: S-2-4 | C7: 기본진단항목(v2.0) | D7: 사회 | E7: 노동 | F7: 교육훈련비 | G7:  조직이 미래 경쟁력 및 지속가능성 확보를 위해 구성원의 교육 및 훈련에 얼마나 투자하고 있는지 확인  상대적 비교가능성이 높은 ‘원단위’ 개념을 적용하여 인적자본 관리 기본 진단항목인 구성원 수 기반의 1인당 교육훈련비를 점검. 최근 5개 회계연도의 1인당 교육훈련비 추세를 함께 고려 | H7: ‘전자공시시스템’ 上 사업보고서, ‘조직별 홈페이지’ 上 지속가능경영보고서 | I7: 최근 4개 회계연도 | J7: 국내 사업장 | K7: 1인당 교육훈련비 = 직전 1개년도 교육훈련 지출 비용 / 해당연도 말 총 구성원 수 | L7: 단계형 | M7: 3 | N7: 단계형: 1단계=0점 / 2단계=50점 / 3단계=100점 | O7: 1단계 | 지난 4개년 1인당 교육훈련비 감소 추세 | 2단계 | 지난 4개년 1인당 교육훈련비 변동 없음 | 3단계 | 지난 4개년 1인당 교육훈련비 증가 추세 | * 최근 4개년 간 교육훈련비가 없거나, 1인당 교육훈련비 데이터가 관리되지 않는 경우 0점 적용 | * ‘유지 추세’로 판단할 경우 2단계로 적용하여 평가 | * 3개년 이하 데이터 보유 시 해당 데이터로 추세 산정 | P7: GAP(대응지표 없음) | Q7: KSSB 인적자원 지표 미규정 | R7: GRI 404-1 | S7: 1_2_0_업종별 K-ESG 가이드라인(v2.0) 진단항목 | Y7:  조직은 교육 및 훈련을 통해 업무 수행에 필요한 기술, 지식 등 구성원의 역량을 강화할 수 있으며, 이러한 교육훈련의 성과는 조직의 몰입도에 긍정적인 영향을 미치고 생산성 향상에 기여함으로써 미래 시장 경쟁력을 높이게 한다. 조직은 단기적인 이익창출과 교육훈련을 통한 장기적 성과 회수 사이의 괴리로 인해 구성원의 교육훈련에 소극적이고 수동적인 자세를 보일 수 있지만 장기적 관점의 경영성과 창출과 지속가능성 확보에 더욱 초점을 맞추는 것이 바람직하다.  교육훈련비는 조직의 미래 경쟁력, 지속가능경영 역량을 인적자원 측면에서 확인할 수 있는 항목으로, 조직의 총 구성원 수 대비 교육훈련 지출 비용을 비교하는 방식이 일반적이다. 다만, 조직의 규모, R&D 투자 필요성… | AA7: 1인당 평균 교육훈련 비용이 최근 4개년 간 증가 추세입니까? | AB7: 단계(1~5)
A8: 36 | B8: S-2-5 | C8: 기본진단항목(v2.0) | D8: 사회 | E8: 노동 | F8: 복리후생비 | G8:  조직이 임직원의 업무환경 및 근무조건 개선을 통해 직원 만족도를 높이고 있는지를 점검하는 항목으로 법률상 강제성이 있는 법정 복리후생비를 제외한 조직별 복리후생비를 확인  상대적 비교가능성이 높은 ‘원단위’ 개념을 적용하여 인적자본 관리 기본 진단항목인 구성원 수 기반의 1인당 복리후생비를 점검 (최근 4개 회계연도의 1인당 복리후생비 추세 고려) | H8: ‘전자공시시스템’ 上 사업보고서, ‘조직별 홈페이지’ 上 지속가능경영보고서 | I8: 최근 4개 회계연도 | J8: 국내 사업장 | K8: 1인당 복리후생비 = 직전 1개년도 복리후생비 / 직전 1개년도 말 총 구성원 수 | L8: 단계형 | M8: 3 | N8: 단계형: 1단계=0점 / 2단계=50점 / 3단계=100점 | O8: 1단계 | 지난 4개년 1인당 복리후생비 감소 추세 | 2단계 | 지난 4개년 1인당 복리후생비 변동 없음 | 3단계 | 지난 4개년 1인당 복리후생비 증가 추세 | * 최근 4개년 간 1인당 복리후생비 정보 없는 경우 0점 적용 | * ‘유지 추세’로 판단할 경우 2단계로 적용하여 평가 | * 3개년 이하 데이터 보유 시 해당 데이터로 추세 산정 | P8: GAP(대응지표 없음) | Q8: KSSB 인적자원 지표 미규정 | R8: GRI 401-2 | S8: 1_2_0_업종별 K-ESG 가이드라인(v2.0) 진단항목 | Y8:  복리후생은 조직이 구성원에게 제공하는 대표적인 비임금성 보상으로 기업복지, 근로복지 등 다양한 용어로 사용되고 있다. 최근에는 소위 ‘워라밸’(Work and Life Balance)로 불리는 일과 삶의 균형, 일과 가정의 양립 등이 중요한 사회적 이슈로 떠오르고, 복리후생이 구직자가 조직을 선택하는 중요한 기준의 하나로 자리 잡는 등 노동과 복리후생에 대한 사회의 시각이 빠르게 변화하고 있다. 이러한 복리후생은 구성원의 만족도, 핵심 인재의 확보와 유지 및 조직의 몰입도와 성과 향상 등에 영향을 미침에 따라 조직들은 효과적인 복리후생 프로그램을 운영하기 위한 노력을 기울일 필요가 있다.  복리후생은 법률로 명시되어 강제성이 부여된 법정 복리후생과 그 외의… | AA8: 법정 외 1인당 복리후생비 지출이 최근 4개년 간 증가 추세입니까? | AB8: 단계(1~5)
A9: 37 | B9: S-2-6 | C9: 기본진단항목(v2.0) | D9: 사회 | E9: 노동 | F9: 결사의 자유 보장 | G9:  조직의 직원이 유엔 세계인권선언 제20조에서 제시하는 결사의 자유를 보장받을 수 있는지, 근로자 이해대변 및 협력적 노사관계 형성·유지를 위한 협의기구가 있는지 확인 - (결사의 자유 보장) 근로자가 주체가 되어 자주적으로 단결하여 근로조건의 유지·개선 기타 근로자의 경제적·사회적 지위의 향상을 도모함을 목적으로 조직하는 노동조합의 설립 및 정당한 노동조합 활동을 보장하고 있는지를 점검 - (노사협력) 아울러 ｢근로자참여 및 협력증진에 관한 법률｣에 따른 노사 협의기구인 노사협의회의 설치 및 실질적인 운영을 통한 노사 파트너십 수준을 점검 | H9: '전자공시시스템' 上 사업보고서, '조직별 홈페이지' 上 지속가능경영보고서 | I9: 최근 3개 회계연도(단, 노동조합 가입·설립 또는 노사협의회 설치 시점이 3개 회계연도 이내인 경우에는 그 기간) | J9: 국내 사업장 | K9: N/A | L9: 단계형 | M9: 5 | N9: 단계형: 1단계=0점 / 2단계=25점 / 3단계=50점 / 4단계=75점 / 5단계=100점 | O9: ※ 노동조합 가입·설립 정보가 없는 경우에는 노사협의회 설치·운영 부분을 대체지표로 사용 | 1단계 | 노동조합 가입‧설립, 노사협의회 설치 관련 정보가 모두 없음 | (노조 가입‧신설 관련 부당노동행위로 노동위 판정 또는 법원 판결이 유죄로 확정된 경우) | 2단계 | 노동조합 가입‧설립 또는 상시근로자 30인 이상인 경우 노사협의회 설치(위원 선임, 협의회규정 제정 등) | 3단계 | 2단계 + 과거 또는 현재 적법한 교섭당사자로서의 노동조합과 단체교섭 진행 + 3개월마다 노사협의회 정기회의 개최 | (회의록 작성·비치) | 4단계 | 3단계 + 노동조합과 단체협약(임금협약 포함) 체결 | + 노사협의회 정기회의 외 추가 임시회의(노사 실무협의 포함) 개최 | 5단계 | 4단계 + 체결된 단체협약의 성실한 이행(단체협약 위반 시 불이행으로 간주) + 노사협의회 의결(합의) 여부 | P9: GAP(대응지표 없음) | Q9: KSSB 인적자원 지표 미규정 | R9: GRI 407 | S9: 1_2_0_업종별 K-ESG 가이드라인(v2.0) 진단항목 | Y9:  근로자는 자유로이 노동조합을 조직하거나 이에 가입할 수 있고 가입 형태에 따라 오픈숍(Open Shop)과 유니온숍(Union Shop)의 경우가 있으며, 해당 지표에서는 근로자가 노동조합을 조직하거나 두 가지 가입 형태에 따른 노동조합 가입을 모두 인정하고 있다. 다만, 근로자가 자발적으로 노동조합을 조직하지 않거나 이에 가입하지 않은 경우에는 ‘노사협의회 설치·운영’을 대체지표로 사용 가능하다.  노동조합의 대표자는 그 노동조합 또는 조합원을 위하여 사용자나 사용자단체와 교섭하고 단체협약을 체결할 권한을 가지며, 사용자는 노동조합의 대표자 또는 노동조합으로부터 위임을 받은 자와의 단체협약 체결 기타의 단체교섭을 정당한 이유 없이 거부하거나 해체하지 못한다. … | AA9: 노동조합 설립·가입, 단체협약 이행, 분기별 노사협의회가 실질 운영됩니까? | AB9: 단계(1~5)
A10: 38 | B10: S-3-1 | C10: 기본진단항목(v2.0) | D10: 사회 | E10: 다양성 및 양성평등 | F10: 여성 구성원 비율 | G10:  조직의 중장기적 성장 및 새로운 사업기회 발굴에 필요한 창조적이고 혁신적인 조직문화를 위해 모든 직급의 구성원 다양성이 관리되고 있는지 확인  국내 인구구조적 특성을 고려하여, 다수의 다양성 기준 중 성별에 따른 다양성 현황을 점검하고자 함. 이를 위해, 조직의 남성 구성원 대비 여성 구성원(또는 여성 구성원 대비 남성 구성원)이 차지하는 비율을 직급별로 점검 | H10: ‘전자공시시스템’ 上 사업보고서, ‘조직별 홈페이지’ 上 지속가능경영보고서 | I10: 직전 회계연도 | J10: 국내 및 해외 사업장 | K10: 여성 구성원 비율 = 직전 회계연도 말 여성 구성원 수 (전체, 미등기임원) / 직전 회계연도 말 총 구성원 수 (전체, 미등기임원) | L10: 단계형 | M10: 5 | N10: 단계형: 1단계=0점 / 2단계=25점 / 3단계=50점 / 4단계=75점 / 5단계=100점 | O10: 1단계 | 조직의 전체 구성원 중 여성이 차지하는 비율과, 미등기임원 중 여성이 차지하는 비율의 차이가 80%를 초과하는 경우 | 2단계 | 조직의 전체 구성원 중 여성이 차지하는 비율과, 미등기임원 중 여성이 차지하는 비율의 차이가 60% 초과 ~ 80% 이하인 경우 | 3단계 | 조직의 전체 구성원 중 여성이 차지하는 비율과, 미등기임원 중 여성이 차지하는 비율의 차이가 40% 초과 ~ 60% 이하인 경우 | 4단계 | 조직의 전체 구성원 중 여성이 차지하는 비율과, 미등기임원 중 여성이 차지하는 비율의 차이가 20% 초과 ~ 40% 이하인 경우 | 5단계 | 조직의 전체 구성원 중 여성이 차지하는 비율과, 미등기임원 중 여성이 차지하는 비율의 차이가 20% 이하인 경우 | * 단, 결과값이 ‘-’ 일 경우, 본 지표에서 고려한 조직형태와 다른 경우이므로 적용하지 않음 | P10: GAP(대응지표 없음) | Q10: KSSB 다양성 지표 미규정 | R10: GRI 405-1 | S10: 1_2_0_업종별 K-ESG 가이드라인(v2.0) 진단항목 | Y10:  조직의 전체 구성원 중 여성 비율과, 미등기임원 중 여성 비율의 차이를 측정하는 이유는 조직이 여성의 안정적 근무를 위한 근로환경을 제공하고 있는지, 여성 리더를 적극적으로 발굴 및 육성하고 있는지 확인하기 위함이다. - 여성 구성원 비율 차이 산식(%) : 100 - {(직전 회계연도 말 여성 미등기임원 수/직전 회계연도 말 총 미등기임원 수)/ (직전 회계연도 말 총 여성 구성원 수/직전 회계연도 말 총 구성원 수)}  조직은 직급별, 직무별, 근속연수별, 지역별 여성 구성원 비율을 기준으로도 ‘여성 구성원 비율’ 성과를 점검할 수 있다. - 직급별 : ‘사원’, ‘대리’, ‘과장’, ‘차장’, ‘부장’ 등 직급체계를 기준으로 여성 구성원 비율을 확인하는 방식… | AA10: 전체 여성 비율과 미등기임원 여성 비율 간의 격차가 균형 관리됩니까? | AB10: 단계(1~5)
A11: 39 | B11: S-3-2 | C11: 기본진단항목(v2.0) | D11: 사회 | E11: 다양성 및 양성평등 | F11: 여성 급여 비율 (평균 급여액 대비) | G11:  조직이 다양성 측면에서 소수계층, 사회적 취약계층, 기타 단순한 신체적 차이를 사유로 임금 지급에 차별을 두는 인사제도, 고용관행이 있는지 확인  국내 인구구조적 특성을 고려하여, 차별이 발생하는 다양한 사례 중 성별에 따른 급여 차이가 발생하는지 점검. 조직의 남/여 구성원 중 평균 급여액 미만의 급여를 받는 집단을 기준으로 급여 차이를 확인하는 항목으로써, 1인 평균 급여액 대비 ‘여성 1인 평균 급여액’(또는, 남성 1인 평균 급여액) 비율을 점검 | H11: ‘전자공시시스템’ 上 사업보고서, ‘조직별 홈페이지’ 上 지속가능경영보고서 | I11: 직전 회계연도 | J11: 국내 및 해외 사업장 | K11: 남성대비 여성임금 비율 = 직전 회계연도 여성(또는 남성) 1인 평균 급여액 / 직전 회계연도 조직의 1인 평균 급여액 | L11: 단계형 | M11: 5 | N11: 단계형: 1단계=0점 / 2단계=25점 / 3단계=50점 / 4단계=75점 / 5단계=100점 | O11: 1단계 | 조직의 1인 평균 급여액 대비 ‘여성(또는 남성) 1인 평균 급여액’ 비율이 60% 이하인 경우 | 2단계 | 조직의 1인 평균 급여액 대비 ‘여성(또는 남성) 1인 평균 급여액’ 비율이 60% 초과 ~ 70% 이하인 경우 | 3단계 | 조직의 1인 평균 급여액 대비 ‘여성(또는 남성) 1인 평균 급여액’ 비율이 70% 초과 ~ 80% 이하인 경우 | 4단계 | 조직의 1인 평균 급여액 대비 ‘여성(또는 남성) 1인 평균 급여액’ 비율이 80% 초과 ~ 90% 이하인 경우 | 5단계 | 조직의 1인 평균 급여액 대비 ‘여성(또는 남성) 1인 평균 급여액’ 비율이 90%를 초과하는 경우 | P11: GAP(대응지표 없음) | Q11: KSSB 다양성 지표 미규정 | R11: GRI 405-2 | S11: 1_2_0_업종별 K-ESG 가이드라인(v2.0) 진단항목 | Y11:  여성(또는 남성) 급여 비율로 성과를 점검하는 이유는 조직이 성별 다양성 증진 활동의 결과물을 간접적으로 확인하기 위함이다. 조직의 성별 다양성 증진 활동이 효과적으로 실행되었다면, 상위 직급에 여성의 분포가 높아졌거나, 여성의 근속연수가 증가하였을 것이며, 이는 여성의 평균 급여액이라는 데이터에 반영되기 때문이다. 전체 구성원의 평균 급여액 대비 여성의 평균 급여액이 10% 이내, 또는 동일한 경우, 해당 조직의 다양성 관리는 효과적으로 이루어졌다고 볼 수 있다.  본 ‘여성 급여 비율’ 항목 정의서의 ‘1인 평균 급여액’이란 한국채택국제회계기준(IFRS) 제1019호에서 규정하는 ‘종업원 급여(단기종업원급여, 퇴직급여, 기타장기종업원급여, 해고급여)’를 회계연도… | AA11: 남성 평균 급여 대비 여성 평균 급여의 격차가 점차 해소되고 있습니까? | AB11: 단계(1~5)
A12: 40 | B12: S-3-3 | C12: 기본진단항목(v2.0) | D12: 사회 | E12: 다양성 및 양성평등 | F12: 장애인 고용률 | G12:  장애인은 능력에 따라 보장받고, 고용되어, 유익하고 생산적인 업무를 통해 합리적인 보수를 받을 권리가 있으며, 조직이 해당 권리 향상을 지원하는지 확인  정부의 장애인 의무고용률을 기준으로 조직이 해당 사회적 책임을 이행하고 있는지를 점검 (매년 고용노동부에서 공시하는 장애인 의무고용률과 비교) | H12: ‘전자공시시스템’ 上 사업보고서, ‘조직별 홈페이지’ 上 지속가능경영보고서 | I12: 직전 회계연도 | J12: 국내 사업장 | K12: 장애인 고용률 = ∑(월별 장애인 상시근로자 수) / ∑(월별 상시근로자 수) * 상시근로자수: 해당 월 15일 이상 또는 60시간 이상 근무한 자 | L12: 단계형 | M12: 5 | N12: 단계형: 1단계=0점 / 2단계=25점 / 3단계=50점 / 4단계=75점 / 5단계=100점 | O12: 1단계 | 직전 1개년도 장애인 의무고용률의 60% 미만일 경우 | 2단계 | 직전 1개년도 장애인 고용률이 법적 의무고용률의 60% 이상 80% 미만 수준인 경우 | 3단계 | 직전 1개년도 장애인 고용률이 법적 의무고용률의 80% 이상 100% 미만 수준인 경우 | 4단계 | 직전 1개년도 장애인 고용률이 법적 의무고용률의 100% 이상 120% 미만 수준인 경우 | 5단계 | 직전 1개년도 장애인 고용률이 법적 의무고용률의 120% 이상 수준인 경우 | ※ 장애인 미고용 부담금 납부 시에도 실제 고용한 인원을 기준으로 산정 | ※ 중증장애인 중 월 임금지급기초일수 16일 이상, 소정근로시간 60시간 이상인 근로자는 2명으로 계산 | P12: GAP(대응지표 없음) | Q12: KSSB 다양성 지표 미규정 | R12: GRI 405-1 | S12: 1_2_0_업종별 K-ESG 가이드라인(v2.0) 진단항목 | Y12:  장애인 고용의무제도는 국가·지방자치단체와 50명 이상 공공기관·민간기업 사업주에게 장애인을 일정비율 이상 고용하도록 의무화하고, 미 준수시 부담금을 부과하는 제도이다. 의무고용률 이상 고용한 사업주에 대해서는 규모에 상관없이 초과인원에 대해 장려금을 지급하며, 매년 ｢장애인고용촉진 및 직업재활법 시행령｣을 통해 기준연도에 해당하는 의무고용률을 공시하고 있다.  장애인 의무고용률은 국가 및 지자체, 공공기관, 민간기업에 별도 적용하며 상세내용은 아래 표와 같다. 기준연도 2021년 2022년 2023년 2024년 공무원 3.4% 3.6% 3.6% 3.8% 국가 및 지자체 비공무원 3.4% 3.6% 3.6% 3.8% 공공기관 3.4% 3.6% 3.6% 3.8% 민간기업… | AA12: 법정 장애인 의무고용률 대비 실제 장애인 고용 비율을 초과 달성합니까? | AB12: 단계(1~5)
A13: 41 | B13: S-4-1 | C13: 기본진단항목(v2.0) | D13: 사회 | E13: 산업안전 | F13: 안전보건 추진체계 | G13:  조직이 산업인력 손실, 구성원 사기 저하, 생산성 및 품질 하락, 노사관계 악화 등 경제적 손실과 사회적 비용을 예방하기 위해, 안전 리스크 저감 및 건강·복지 증진 등 안전보건 성과 개선을 체계적으로 추진하고 있는지 확인  국내외 규격에서 제시하는 안전보건경영시스템 구성요건을 기준으로, 조직이 이를 따르거나 준용하여 안전보건 추진체계를 갖추고 있는지 점검 | H13: 안전보건경영시스템, 안전보건 정책, 안전보건 관리 규정 | I13: 직전 회계연도 | J13: N/A | K13: N/A | L13: 선택형 | M13: 5 | N13: 선택형: 요건1=0점 / 요건2=25점 / 요건3=50점 / 요건4=75점 / 요건5=100점 | O13: 요건1 | 경영자가 확고한 리더십으로 비전을 제시하고 필요한 자원을 배정하는 경우 | (안전경영방침 공표, 인력·시설·장비 등 배정, 구성원에게 책임과 권한 부여) | 요건2 | 안전보건관리체계 구축을 위해 근로자의 참여 및 협의를 보장하는 경우 | (안전보건 정보공개, 구성원 참여절차 마련, 의견제시 문화 조성 등) | 요건3 | 조직의 위험요인 파악과 이에 대한 제거·대체·통제 조치를 하는 경우 | (유해위험요인 파악, 위험성 평가, 위험요인 제거·대체·통제 방안 마련, 교육훈련 실시) | 요건4 | 중대한 위험요인에 대처할 수 있는 비상 조치계획을 수립한 경우 | (위험요인별 시나리오 및 조치계획 수립, 주기적 훈련, 사업장 내 도급 근로자 등 모든 구성원에 대한 보호 여부) | 요건5 | 안전보건 과제 및 목표의 이행현황을 평가하고 개선하는 경우 | (목표 설정, 계획대비 달성 여부 평가, 문제점에 대한 주기적 검토와 개선) | P13: GAP(대응지표 없음) | Q13: KSSB 산업안전 지표 미규정 | R13: GRI 403-1,2 | S13: 1_2_0_업종별 K-ESG 가이드라인(v2.0) 진단항목 | Y13:  안전보건관리체계의 구축 이행이란, 일하는 사람의 안전과 건강을 보호하기 위해 기업 스스로 위험요인을 파악하여 제거·대체 및 통제방안을 마련·이행하며 이를 지속적으로 개선하는 일련의 활동을 말한다.  안전보건관리는 기업의 사회적 책임이며, 경쟁력 제고의 첫걸음이다. 최근 ESG에 대한 사회적 관심이 높아지고 있다. 경영자의 안전보건관리는 ESG의 가장 기본이 되는 사항이다. 안전은 비용이 아닌 투자이며, 경영의 일부다. 산업재해가 발생하면 심각한 작업 차질이 발생하고 품질, 생산성 및 기업 이미지에 부정적 영향을 미친다. * 산업재해에 따른 경제적손실추정액 29조 9,841억 원, 근로손실일수 5,534만 일<’20년>  효과적인 안전보건관리체계를 구축하고 이행하기… | AA13: 경영자 리더십, 위험성평가, 비상조치 계획, 평가/개선 5대 체계가 있습니까? | AB13: 단계(1~5)
A14: 42 | B14: S-4-2 | C14: 기본진단항목(v2.0) | D14: 사회 | E14: 산업안전 | F14: 산업재해율 | G14:  조직의 안전보건 거버넌스 구축, 중점과제 추진, 업무시스템 구축, 성과점검 및 평가 등 안전보건 추진체계가 효과성을 나타내고 있는지 확인  조직 구성원의 안전/보건을 위협하는 요인을 지속적으로 관리하고 재해율을 줄이기 위해 노력하고 있는지 점검 (국내외 모든 구성원으로부터 발생하는 산업재해율 추이 분석) | H14: ‘전자공시시스템’ 上 사업보고서, ‘홈페이지’ 上 지속가능경영보고서, ‘고용노동부 홈페이지’ 上 산업재해 현황분석 | I14: 최근 4개 회계연도 기준 | J14: 국내 및 해외 사업장 | K14: 산업재해율 = (재해자 수 / 연 평균 근로자 수) * 100 | L14: 단계형 | M14: 3 | N14: 단계형: 1단계=0점 / 2단계=50점 / 3단계=100점 | O14: 1단계 | 지난 4개년 산업재해율 증가 추세 | 2단계 | 지난 4개년 산업재해율 변동 없음 | 3단계 | 지난 4개년 산업재해율 감소 추세 | * 최근 4개년 간 산업재해율 정보를 관리하지 않는 경우 0점 적용 | * 무재해의 경우에는 100점 적용 | * '유지 추세'로 판단할 경우 2단계로 적용하여 평가 | * 3개년 이하 데이터 보유 시 해당 데이터로 추세 산정 | P14: GAP(대응지표 없음) | Q14: KSSB 산업안전 지표 미규정 | R14: GRI 403-9, 중대재해처벌법 | S14: 1_2_0_업종별 K-ESG 가이드라인(v2.0) 진단항목 | Y14:  조직이 산업재해 발생 현황을 파악할 수 있는 지표는 다양하며, 국내에서는 대표적으로 재해율(천인율)을 기본 지표로 활용하고 있다. 이외, 조직의 산업재해 발생 현황을 파악할 수 있는 지표는 아래와 같다, (국내) 산업재해통계업무처리규정(시행 2001.1.1.)에서 규정하는 것에 따름 - 도수율(또는 빈도율) = (재해발생 건수 / 연 근로시간 수) * 1,000,000 - 강도율 = (총 근로손실일 수 / 연 근로시간 수) * 1,000 (해외) Occupational Safety and Health Administration(OSHA), USA 기준을 따름 - LTIR(Lost Time Injury Rate) = (Number of LTI / Number of… | AA14: 연평균 근로자 수 대비 요양 승인된 산업재해자 비율이 감소 추세입니까? | AB14: 단계(1~5)
A15: 43 | B15: S-5-1 | C15: 기본진단항목(v2.0) | D15: 사회 | E15: 인권 | F15: 인권정책 수립 | G15:  조직이 UN의 ‘세계인권선언’ 및 ‘기업과 인권 이행원칙’, ILO ‘핵심협약’, OECD ‘책임있는 사업을 위한 실사 가이드라인’ 등에 기반하여, 인권경영 추진을 선언하는 대외공식적 정책을 제시하고 있는지 확인  조직이 인권정책(Human Rights Policy)을 통해 인권보호가 필요한 이슈에 대해 어떠한 정책적 접근을 하고 있는지 점검 | H15: 조직의 인권정책 내 아래의 이슈 중 어떠한 이슈가 다루어지고 있는지 측정 1) 차별금지, 2) 근로조건 준수, 3) 인도적 대우, 4) 강제근로 금지, 5) 아동노동 착취 금지, 6) 결사 및 단체교섭의 자유, 7) 산업안전 보장, 8) 지역주민 인권 보호, 9) 고객의 인권 보호, 10) 기타 | I15: 직전 회계연도 기준 | J15: N/A | K15: N/A | L15: 단계형 | M15: 5 | N15: 단계형: 1단계=0점 / 2단계=25점 / 3단계=50점 / 4단계=75점 / 5단계=100점 | O15: 1단계 | 조직의 대외공식적 인권정책이 수립되지 않은 경우. 또는, 인권정책이 있으나, 상기의 이슈 중 1~2개에 대한 조직의 정책적 접근 | 방향이 설명되어 있는 경우 | 2단계 | 상기의 이슈 중 3~4개에 대한 조직의 정책적 접근방향이 설명되어 있는 경우 | 3단계 | 상기의 이슈 중 5~6개에 대한 조직의 정책적 접근방향이 설명되어 있는 경우 | 4단계 | 상기의 이슈 중 7~8개에 대한 조직의 정책적 접근방향이 설명되어 있는 경우 | 5단계 | 상기의 이슈 중 9개 이상에 대한 조직의 정책적 접근방향이 설명되어 있는 경우 | P15: 부분대응 | Q15: KSSB 제1호 부록A(가치사슬 개념) 준용 | R15: UNGP, GRI 412-1 | S15: 1_2_0_업종별 K-ESG 가이드라인(v2.0) 진단항목 | Y15:  본 ‘인권정책 수립’ 항목 정의서는 UN, ILO, OECD 등에서 제시하는 인권 분야 이슈에 대해 조직이 공식적인 입장을 제시하고 있는지 확인한다. 각 인권 이슈에 대한 설명은 아래와 같다. 단, 제도, 상관습, 사회문화 등의 변화에 따라 인권 이슈는 새롭게 추가되거나, 변동될 수 있다. - 차별금지 : 성별, 인종, 민족, 국적, 종교, 장애, 기타 사회적 신분 등을 사유로 고용, 승진, 교육, 보상, 복리후생 등의 근로조건에 있어 차별하거나 괴롭히는 행위를 금지하는 것 - 근로조건 준수 : 법정근로시간을 준수하며, 초과근로에 대해서는 합당한 보수를 제공함. 또한, 모든 구성원이 업무에 몰입할 수 있는 적절한 근로환경을 조성하는 것 - 인도적 대우 : 구성원의… | AA15: 차별/강제/아동노동 금지 등 주요 10대 핵심 인권 보호 정책을 수립했습니까? | AB15: 단계(1~5)
A16: 44 | B16: S-5-2 | C16: 기본진단항목(v2.0) | D16: 사회 | E16: 인권 | F16: 인권 리스크 평가 | G16:  조직의 사업운영과 관련되어 있는 구성원(직접고용 임직원, 협력사 근로자, 기타 사업장이 위치한 지역의 원주민 등)이 직면하거나, 또는 해당 구성원에게 잠재되어 있는 인권 리스크를 관리하고 있는지 확인  조직이 인권 리스크 평가 체계를 구축하고 있으며, 해당 인권 리스크 평가 체계에 따라 실제 인권 리스크를 평가 및 개선하고 있는지 점검 | H16: 인권정책, 인권 리스크 관리 프로세스 | I16: 직전 회계연도 기준 | J16: 국내외 사업장 및 기타 연결실체 | K16: N/A | L16: 단계형 | M16: 5 | N16: 단계형: 1단계=0점 / 2단계=25점 / 3단계=50점 / 4단계=75점 / 5단계=100점 | O16: 1단계 | 인권 리스크 평가 지표, 평가 기준, 평가 일정 등의 체계가 구축되지 않은 경우 | 2단계 | 인권 리스크 평가 지표, 평가 기준, 평가 일정 등의 체계가 구축되어 있는 경우 | 단, 해당 인권 리스크 평가 체계를 운용하지 않은 경우 | 3단계 | 인권 리스크 평가 체계를 구축하고 있으나, 온라인/서면 등 비대면 방식으로 인권 리스크 진단 행위만 실시한 경우 | 4단계 | 인권 리스크 평가 체계를 구축하고 있으며, 온라인/서면 등 비대면 방식의 진단과 함께, 고위험 인권 리스크에 대해서는 | 현장실사까지 실시한 경우 | 5단계 | 인권 리스크 평가 체계를 구축하고 있으며, 비대면 진단 및 현장실사 행위를 실시한 경우. 또한, 확인된 인권 리스크에 대한 | 개선계획/개선활동을 추진한 경우 | P16: 부분대응 | Q16: KSSB 제1호 부록A(가치사슬 개념) 준용 | R16: UNGP, GRI 412-1 | S16: 1_2_0_업종별 K-ESG 가이드라인(v2.0) 진단항목 | Y16:  조직은 세계인권선언(Universal Declaration of Human Rights), UN 기업과 인권 이행원칙(UN Guiding Principles on Business and Human Rights) 및 국제노동기구(International Labor Organization), OECD 실사 가이드라인(OECD Due Diligence Guidance for responsible Business Conduct) 등 인권·노동 관련 국제 표준 및 가이드라인을 참고하여 인권 리스크 평가 체계를 구축할 수 있다.  조직의 인권 리스크 평가 체계란 진단-실사-개선으로 구성되는 일련의 프로세스를 의미한다. 인권 리스크를 진단, 실사, 개선하는 이유는 아래와 같다.… | AA16: 전 사업장/공급망 인권 리스크 진단, 고위험군 실사/시정 조치를 이행합니까? | AB16: 단계(1~5)
... A22: 50 | B22: S-8-1 | C22: 기본진단항목(v2.0) | D22: 사회 | E22: 정보보호 | F22: 정보보호 시스템 구축 | G22:  조직이 보유하고 있는 정보통신망 및 기타 정보자산 등의 안정성 이슈가 강조되고 있음. 이에 따라, 정보자산 해킹, 네트워크 침입 등의 외부 공격과, 물리적/인적 오류로 인해 발생하는 장애에 대응할 수 있는 체계를 갖추고 있는지 확인  정보보호 최고책임자(CISO) 선임, 정보보호 시스템 인증, 모의해킹 등 취약성 분석, 정보보호 공시 이행(의무 또는 자율), 정보 보호 시스템 사고에 대비하기 위한 보험가입 여부 등을 점검 | H22: 정보보호 시스템 관리규정, 정보보호 추진 계획 및 결과, 정보보호 공시 내역 | I22: 직전 회계연도 | J22: N/A | K22: N/A | L22: 선택형 | M22: 5 | N22: 선택형: 요건1=0점 / 요건2=25점 / 요건3=50점 / 요건4=75점 / 요건5=100점 | O22: 요건1 | 등기임원이나 미등기임원(또는 이에 준하는 관리자급 구성원)을 정보보호 최고책임자(CISO)로 선임하고 있는 경우 | 요건2 | 정보보호 시스템의 안정성에 대해 제3자(또는 규제기관)의 인증을 획득하고 있는 경우 | 요건3 | 모의해킹 등 외부공격에 대한 취약성 분석을 실시하고 있는 경우 | 요건4 | 정보보호 공시(의무 또는 자율)사항을 이행하고 있는 경우 | 요건5 | 정보보호 시스템의 손상 또는 외부공격 등 정보보안 관련 사고에 대비하기 위한 보험에 가입하고 있는 경우 | P22: GAP(대응지표 없음) | Q22: KSSB 정보보호 지표 미규정 | R22: GRI 418-1, ISMS-P | S22: 1_2_0_업종별 K-ESG 가이드라인(v2.0) 진단항목 | Y22:  정보보호 시스템이란 정보의 수집, 가공, 저장, 검색, 송신, 수신 중에 발생할 수 있는 정보의 훼손, 변도, 유출 등을 방지 및 복구하거나, 또는 암호, 인증, 인식, 감시 등의 보안기술을 활용하여 재난, 재해, 범죄 등에 대응하거나, 관련 장비, 시설을 안전하게 운영하기 위한 관리적/기술적/물리적 수단을 의미한다.  정보보호 시스템을 안전하게 운영하기 위한 관리적/기술적/물리적 수단이 있다. 이 중 정보보안 설비/장치에 대한 기술적(암호기술, 접근통제, 백업체제 등), 물리적(출입통제, 시건장치, 장비고도화 등) 수단에는 다양한 형태와 방식이 있기 때문에, 본 ‘정보보호 시스템 구축’ 항목 정의서에서는 정보보호를 위한 관리적 수단(정보보호 계획의 수립 및… | AA22: 최고책임자(CISO) 임명, ISMS/ISO27001 인증, 배상보험 등을 갖추었습니까? | AB22: 단계(1~5)
A23: 51 | B23: S-8-2 | C23: 기본진단항목(v2.0) | D23: 사회 | E23: 정보보호 | F23: 개인정보 침해 및 구제 | G23:  조직이 관리하고 있는 고객, 협력사 등 다양한 이해관계자의 개인정보 침해에 대한 법/규제 요건을 명확하게 인식하고, 개인정보 침해 사건이 발생하였을 경우 이에 대한 구제 활동 체계를 갖추고, 활동을 수행하고 있는지 확인  정보보호법상 형벌, 행정상 처분(금전적, 비금전적)에 대해 가중치를 달리 적용하는 방식으로 ‘개인정보 침해 및 구제’ 현황을 점검 | H23: ‘전자공시시스템’ 上 사업보고서, ‘조직별 홈페이지’ 上 지속가능경영보고서 | I23: 최근 4개 회계연도 | J23: 국내 및 해외 사업장 | K23: 총 개인정보 보호 관련 법/규제 위반 감점 = ∑(개인정보 법/규제 위반 건 * 처벌수위별 감점 기준) | L23: 감점형 | M23: 3 | N23: 감점형: 기준 100점에서 위반유형별(-50/-30/-10점) 차감(중복 적용 가능), 최저 0점 | O23: 유형 1 | 지난 4개년 간 개인정보 보호 관련 법/규제 위반내역 중 처분이 확정된 건수에 대해 처벌수위가 사법상 형벌, 벌금, 과료인 경우, | 또는 국가를 당사자로 하는 계약에서 입찰참가자격을 제한당한 경우 | 유형 2 | 지난 4개년 간 개인정보 보호 관련 법/규제 위반내역 중 처분이 확정된 건수에 대해 처벌수위가 행정상 처분 중 금전적 처분에 | 해당하는 과태료, 과징금, 이행강제금 등인 경우 | 유형 3 | 지난 4개년 간 개인정보 보호 관련 법/규제 위반내역 중 처분이 확정된 건수에 대해 처벌수위가 행정상 처분 중 비금전적 처분에 | 해당하는 시정명령, 시정권고, 경고 등인 경우 | * 감점 사항이 없을 경우, 본 항목의 점수는 100점으로 산정. 최저점은 0점으로 제한 | P23: GAP(대응지표 없음) | Q23: KSSB 정보보호 지표 미규정 | R23: GRI 418-1 | S23: 1_2_0_업종별 K-ESG 가이드라인(v2.0) 진단항목 | T23: 해당없음(감점형) | U23: 0 | V23: 0 | W23: 0 | X23: 100 | Y23:  ｢개인정보 보호법｣에 따르면 개인정보의 범위는 개인에 관한 정보로서 다음 명시된 정보를 포함한다. - ① 성명, 주민등록번호 및 영상 등을 통하여 개인을 알아볼 수 있는 정보 - ② 해당 정보만으로는 특정 개인을 알아볼 수 없더라도 다른 정보와 쉽게 결합하여 알아볼 수 있는 정보 - ①또는 ②를 가명 처리함으로써 원래의 상태로 복원하기 위한 추가 정보의 사용ㆍ결합 없이는 특정 개인을 알아볼 수 없는 정보(가명정보)  조직은 확정판결된 개인정보 침해 관련 법/규제 위반 건수 및 처벌수위를 기준으로 성과를 점검할 수 있으며, 이 외에도 조직에 심각한 비용 손실을 야기하는 대규모 벌금, 과태료, 과징금이 부과된(ex. 벌금액이 영업이익의 1% 이상인 경우) 개인정보… | AA23: 개인정보 침해 및 구제에 대한 현황을 관리·공시하고 있습니까? | AB23: 단계(1~5)
A24: 52 | B24: S-9-1 | C24: 기본진단항목(v2.0) | D24: 사회 | E24: 사회 법/규제 위반 | F24: 사회 법/규제 위반 | G24:  조직이 재화와 용역을 제공하는 과정에서 준수해야 할 법/규제 요건을 명확하게 인식하고, 법/규제 리스크 해결을 위한 사회 영역의 투자/유지/보수 활동을 추진하고 있는지 확인  사회영역 관련 법/규제 위반 건 중 조직의 재무구조 및 명성관리에 상당한 영향력을 미치는 사법상 형벌, 행정상 처분(금전적, 비금전적)에 대해 가중치를 달리 적용하는 방식으로 점검 | H24: ‘전자공시시스템’ 上 사업보고서, ‘조직별 홈페이지’ 上 지속가능경영보고서 | I24: 최근 4개 회계연도 | J24: 국내 및 해외 사업장 | K24: 총 사회 관련 법/규제 위반 감점 = ∑(사회 법/규제 위반 건 * 처벌수위별 감점 기준) | L24: 감점형 | M24: 3 | N24: 감점형: 기준 100점에서 위반유형별(-50/-30/-10점) 차감(중복 적용 가능), 최저 0점 | O24: 유형 1 | 지난 4개년 간 사회 관련 법/규제 위반내역 중 처분이 확정된 건수에 대해, 처벌수위가 사법상 형벌, 벌금, 과료인 경우, | 또는 국가 또는 지방자치단체를 당사자로 하는 계약에서 입찰참가자격을 제한당한 경우 | 유형 2 | 지난 4개년 간 사회 관련 법/규제 위반내역 중 처분이 확정된 건수에 대해, 처벌수위가 행정상 처분 중 금전적 처분에 해당하는 | 과태료, 과징금, 이행강제금 등인 경우 | 유형 3 | 지난 4개년 간 사회 관련 법/규제 위반내역 중 처분이 확정된 건수에 대해, 처벌수위가 행정상 처분 중 비금전적 처분에 해당하는 | 시정명령, 시정권고, 경고 등인 경우 | * 감점 사항이 없을 경우, 본 항목의 점수는 100점으로 산정. 최저점은 0점으로 제한 | P24: 부분대응 | Q24: KSSB 제1호 위험관리 원칙 준용 | R24: GRI 2-27 | S24: 1_2_0_업종별 K-ESG 가이드라인(v2.0) 진단항목 | T24: 해당없음(감점형) | U24: 0 | V24: 0 | W24: 0 | X24: 100 | Y24:  사회 법/규제 위반은 ｢근로기준법｣, ｢고용상 연령차별금지 및 고령자고용촉진에 관한 법률｣, ｢산업안전보건법｣, ｢중대재해 처벌 등에 관한 법률｣, ｢소비자보호법｣, ｢전자상거래 등에서의 소비자보호에 관한 법률｣, ｢하도급거래 공정화에 관한 법률｣, ｢가맹사업거래의 공정화에 관한 법률｣, ｢가대규모유통업에서의 거래 공정화에 관한 법률｣ 등 사회 영역에서 포함하는 범주(노동, 인권, 안전보건, 정보보호, 공정거래, 고객가치 등)의 관련 법/규제 사항들이 금지하는 행동들을 위반하는 행위를 의미한다.  사회 법/규제 위반에 따른 처벌수위는 아래 언급하는 다양한 사회 영역 내 범주에서 참고하는 개별 사회 분야 법/규제를 통해 확인할 수 있다. - ｢근로기준법｣, ｢고용상… | AA24: 근로/안전/공정거래/소비자보호 관련 법 위반 처분 내역이 있습니까? | AB24: 단계(1~5)
A25: 72 | B25: S-동반성장-추가1 | C25: 추가진단항목(v2.0) | D25: 사회 | E25: 동반성장 | F25: 공급망 안정 | G25:  국가 간 분쟁, 무역장벽 도입, 물류/유통망 경색 등 다양한 외생변수로 인한 글로벌 공급망 불안정성에 대응하기 위한 계획을 수립하고 있는지 확인  특정 국가 및 지역 의존에서 탈피하거나, 공급선을 다변화하는 등 원부자재 수급 안정화 달성을 위한 조직의 노력을 점검 | H25: 공급망 관리 전략, 원부자재 수급 체계, 협력사 ESG 리스크 평가 결과 | I25: 직전 회계연도 | J25: 국내 및 해외 사업장 | K25: N/A | L25: 선택형 | M25: 5 | N25: 선택형: 요건1=0점 / 요건2=25점 / 요건3=50점 / 요건4=75점 / 요건5=100점 | O25: 요건1 | 1차 협력사가 원부자재를 생산 및 공급하는데 영향을 미칠 수 있는 정치, 경제, 사회, 문화 분야의 리스크를 모니터링 하고 있는 | 경우 | 요건2 | 1차 협력사 外 2차 이하(N차 협력사, 또는 원산지)에 잠재되어 있는 원부자재 생산-공급 차질 리스크를 모니터링 하고 있는 경우 | 요건3 | 특정 지역 및 국가의 협력사에만 의존하지 않고, 공급선을 다변화하였거나, 대체가능한 협력사를 발굴/확보하고 있는 경우 | 요건4 | 특정 물류/유통망에 의존하지 않고, 물류/유통망을 다변화하였거나, 대체 물류/유통망을 발굴/확보하고 있는 경우 | 요건5 | 공급망 불안정 발생에 대비하여 충분한 원부자재 재고를 확보하고 있거나, 원부자재 생산을 조직이 내재화한 경우 | P25: 부분대응 | Q25: KSSB 제2호 물리·전환위험 관점의 공급망 리스크 취지 준용 | R25: GRI 414 | S25: K-ESG 가이드라인 v2.0 (추가 진단항목, 3장) | Y25: 요건1 1차 협력사가 원부자재를 생산 및 공급하는데 영향을 미칠 수 있는 정치, 경제, 사회, 문화 분야의 리스크를 모니터링 하고 있는 경우 요건2 1차 협력사 外 2차 이하(N차 협력사, 또는 원산지)에 잠재되어 있는 원부자재 생산-공급 차질 리스크를 모니터링 하고 있는 경우 요건3 특정 지역 및 국가의 협력사에만 의존하지 않고, 공급선을 다변화하였거나, 대체가능한 협력사를 발굴/확보하고 있는 경우 요건4 특정 물류/유통망에 의존하지 않고, 물류/유통망을 다변화하였거나, 대체 물류/유통망을 발굴/확보하고 있는… | AA25: 공급망 안정에 대한 현황을 관리·공시하고 있습니까? | AB25: 선택형(요건 충족 수)
A26: 73 | B26: S-동반성장-추가2 | C26: 추가진단항목(v2.0) | D26: 사회 | E26: 동반성장 | F26: 협력사 동반성장 기여 | G26:  원청사와 협력사 간 상생협력 관계를 공고히 해 상호 경쟁력 향상 및 양극화 해소를 위한 직/간접적인 공급망 지원 활동을 추진하고 있는지 확인  지속가능한 공급망 조성을 위해 기술, 인력, 자금, 구매, 판로 등의 부문에서 협력사를 지원하는 조직의 재무적/비재무적 노력을 측정 | H26: ‘조직별 홈페이지’ 上 동반성장 프로그램 실적 | I26: 최근 회계연도 | J26: N/A | K26: 동반성장 지원기금 비율 = 최근 회계연도 말 동반성장 총 지원금액 / 최근 회계연도 말 총 매출액 | L26: 복합가중형 | N26: 복합가중형: 2~3개 세부요소를 균등가중평균(예: 1/2+1/2, 1/3×3) — 세부 배점은 점검기준 상세 참조, 자사취득점수는 수동 산정 | O26: 영역1 (재무적) | 1단계 | 지난 4개년 재무적 지원자금 비율이 감소 추세 | 2단계 | 지난 4개년 재무적 지원자금 비율이 변동 없음 | 3단계 | 지난 4개년 재무적 지원자금 비율이 증가 추세 | 영역2 (비재무적) | 1단계 | 지난 4개년 비재무적 지원 수혜기업 개수가 감소 추세 | 2단계 | 지난 4개년 비재무적 지원 수혜기업 개수가 변동 없음 | 3단계 | 지난 4개년 비재무적 지원 수혜기업 개수가 증가 추세 | * 동반성장 기여 관련 재무적/비재무적 지원 데이터를 관리하지 않고 있는 경우 0점 적용 | * 3개년 이하 데이터 보유 시 해당 데이터로 추세 산정 | * ‘유지 추세’로 판단할 경우 2단계로 적용해 평가 | P26: GAP(대응지표 없음) | Q26: KSSB 규정 없음 | R26: GRI 204 | S26: K-ESG 가이드라인 v2.0 (추가 진단항목, 3장) | T26: 해당없음(복합가중형) | Y26: 영역1 (재무적) 1단계 지난 4개년 재무적 지원자금 비율이 감소 추세 2단계 지난 4개년 재무적 지원자금 비율이 변동 없음 3단계 지난 4개년 재무적 지원자금 비율이 증가 추세 영역2 (비재무적) 1단계 지난 4개년 비재무적 지원 수혜기업 개수가 감소 추세 2단계 지난 4개년 비재무적 지원 수혜기업 개수가 변동 없음 3단계 지난 4개년 비재무적 지원 수혜기업 개수가 증가 추세 * 동반성장 기여 관련 재무적/비재무적 지원 데이터를 관리하지 않고 있는 경우 0점 적용 * 3개년 이하 데이터 보유 시 해당… | AA26: 협력사 동반성장 기여를 계획적으로 수행하고 성과를 관리하고 있습니까? | AB26: 복합입력(세부요소 수동 0~100)
A27: 74 | B27: S-소비자-추가1 | C27: 추가진단항목(v2.0) | D27: 사회 | E27: 소비자 | F27: 소비자 정보 제공 | G27:  조직이 소비자의 알 권리를 충족하기 위해 얼마나 다양한 정보를 적절하게 제공하고 있는지 확인 | H27: 소비자 정보 제공 현황 (사업보고서, 홈페이지, 소비자중심경영 공적기술서 등) | I27: 최근 회계연도 | J27: N/A | K27: N/A | L27: 복합가중형 | N27: 복합가중형: 2~3개 세부요소를 균등가중평균(예: 1/2+1/2, 1/3×3) — 세부 배점은 점검기준 상세 참조, 자사취득점수는 수동 산정 | O27: 측정 기준 구분 배점 | 제공하지 않음 0점 | 소비자정보 | 제공함 20점 | 소비자정보 세부 사항 0점부터 최대 80점 | 세부 사항별 10점씩 배분 | 1) 다양한 소비자정보 제공 채널 운영 | 2) 상품정보, 구매정보, 결제 및 배송 정보, 상담/문의 정보 등 충실한 소비자정보 제공 | 3) 검색 등 소비자정보에 대한 접근성 | 4) VOC 등 소비자 의견 개진 방법 보장 | 5) VOC 등 소비자 의견 제기의 처리 절차 명시 | 6) 소비자정보 제공 전 법규 준수 여부 확인 절차 유무 | 7) 소비자정보 제공 전 법규 준수 여부 확인 절차의 체계성 | 8) 소비자정보 제공 전 법규 준수 여부 확인 절차 이행 실적 | P27: GAP(대응지표 없음) | Q27: KSSB 규정 없음 | R27: GRI 417 | S27: K-ESG 가이드라인 v2.0 (추가 진단항목, 3장) | T27: 해당없음(복합가중형) | Y27: 측정 기준 구분 배점 제공하지 않음 0점 소비자정보 제공함 20점 소비자정보 세부 사항 0점부터 최대 80점 세부 사항별 10점씩 배분 1) 다양한 소비자정보 제공 채널 운영 2) 상품정보, 구매정보, 결제 및 배송 정보, 상담/문의 정보 등 충실한 소비자정보 제공 3) 검색 등 소비자정보에 대한 접근성 4) VOC 등 소비자 의견 개진 방법 보장 5) VOC 등 소비자 의견 제기의 처리 절차 명시 6) 소비자정보 제공 전 법규 준수 여부 확인 절차 유무 7) 소비자정보 제공 전 법규 준수 여부 확인 절차의… | AA27: 소비자 정보 제공에 대한 현황을 관리·공시하고 있습니까? | AB27: 복합입력(세부요소 수동 0~100)
A28: 75 | B28: S-소비자-추가2 | C28: 추가진단항목(v2.0) | D28: 사회 | E28: 소비자 | F28: 소비자 안전 | G28:  조직이 생산/판매하는 상품/서비스로 인해 소비자의 생명, 신체 또는 재산에 위해가 발생하지 않도록 어떤 체계와 노력을 수행하고 있는지 확인 | H28: 소비자 안전 관련 규정, 활동, 실적 (사업보고서, 홈페이지, 소비자중심경영 공적기술서 등) | I28: 최근 회계연도 | J28: N/A | K28: N/A | L28: 단계형 | M28: 5 | N28: 단계형: 1단계=0점 / 2단계=25점 / 3단계=50점 / 4단계=75점 / 5단계=100점 | O28: 1단계 | 소비자안전 관련 규정 및 활동이 없음 | 2단계 | 소비자안전 관련 규정이 있으나 활동이 없음 | 3단계 | 소비자안전 관련 규정이 있고, 계획을 수립하고 있으나, 운영 실적이 미흡함 | 4단계 | 소비자안전 관련 규정이 있고, 소비자안전 보장을 위한 계획을 수립하고 운영하고 있음 | 5단계 | 소비자안전 관련 규정이 있고, 소비자안전 보장을 위한 계획을 수립하고 운영하고 있으며, 소비자안전 확보 노력이 지속적으로 | 진행되고 있음 | P28: GAP(대응지표 없음) | Q28: KSSB 규정 없음 | R28: GRI 416 | S28: K-ESG 가이드라인 v2.0 (추가 진단항목, 3장) | Y28: 1단계 소비자안전 관련 규정 및 활동이 없음 2단계 소비자안전 관련 규정이 있으나 활동이 없음 3단계 소비자안전 관련 규정이 있고, 계획을 수립하고 있으나, 운영 실적이 미흡함 4단계 소비자안전 관련 규정이 있고, 소비자안전 보장을 위한 계획을 수립하고 운영하고 있음 5단계 소비자안전 관련 규정이 있고, 소비자안전 보장을 위한 계획을 수립하고 운영하고 있으며, 소비자안전 확보 노력이 지속적으로 진행되고 있음 | AA28: 소비자 안전에 대한 현황을 관리·공시하고 있습니까? | AB28: 단계(1~5)
A29: 76 | B29: S-소비자-추가3 | C29: 추가진단항목(v2.0) | D29: 사회 | E29: 소비자 | F29: 고객만족 대응 체계 운영 | G29:  기업과 소비자 간 분쟁 발생 시 해결을 위해 조직이 관련 규정과 담당조직을 마련하여 체계적으로 처리하고 그 내용을 기반으로 소비자 불만을 줄이기 위한 노력을 확인  조직이 소비자 불만 발생 시 이에 대해 적절하게 처리할 수 있는 규정 및 조직을 갖추고 있는지, 소비자 불만 발생을 줄이기 위한 활동을 적극적으로 추진하고 있는지를 점검 | H29: 소비자 불만 처리 관련 규정, 조직의 유무, 자료 및 지표 관리 현황 (사업보고서, 내부 규정, 소비자중심경영 공적 기술서 등) | I29: 최근 회계연도 | J29: N/A | K29: N/A | L29: 복합가중형 | N29: 복합가중형: 2~3개 세부요소를 균등가중평균(예: 1/2+1/2, 1/3×3) — 세부 배점은 점검기준 상세 참조, 자사취득점수는 수동 산정 | O29: 측정 기준 구분 배점 | 없음 0점 | 소비자불만 처리 관련 규정 | 있음 20점 | 담당 조직(담당자) 없음 0점 | 소비자불만 처리 담당 조직 | 담당 조직(담당자) 있음 20점 | 1단계 0점 | 2단계 10점 | 소비자불만 처리내용의 관리 | 3단계 20점 | 4단계 30점 | 1단계 0점 | 소비자불만 관련 지표 관리 2단계 15점 | 3단계 30점 | <소비자불만 처리내용의 관리> | - 1단계 : 소비자불만 처리내용을 관리하지 않는 경우 | - 2단계 : 소비자불만 처리내용을 관리하지만 DB화하지 않는 경우(통계자료로서 활용 불가) | - 3단계 : 소비자불만 처리내용을 DB화하여 관리하지만, 기초적인 통계자료로만 활용하는 경우(건수 취합 등) | - 4단계 : 소비자불만 처리내용을 DB화하여 관리하고, 제품 개선, 신제품 개발 등에 활용 | <소비자불만 관련 지표 관리> | - 1단계 : 소비자불만 관련 지표를 수립하지 않는 경우 | - 2단계 : 소비자불만 관련 지표를 수립하고 있으나 체계적으로 관리되지 않는 경우 | - 3단계 : 소비자불만 관련 지표를 수립하여 정기적인 모니터링, 평가 등을 통해 관리하는 경우 | P29: GAP(대응지표 없음) | Q29: KSSB 규정 없음 | R29: GRI 416, K-ESG | S29: K-ESG 가이드라인 v2.0 (추가 진단항목, 3장) | T29: 해당없음(복합가중형) | Y29: 측정 기준 구분 배점 없음 0점 소비자불만 처리 관련 규정 있음 20점 담당 조직(담당자) 없음 0점 소비자불만 처리 담당 조직 담당 조직(담당자) 있음 20점 1단계 0점 2단계 10점 소비자불만 처리내용의 관리 3단계 20점 4단계 30점 1단계 0점 소비자불만 관련 지표 관리 2단계 15점 3단계 30점 <소비자불만 처리내용의 관리> - 1단계 : 소비자불만 처리내용을 관리하지 않는 경우 - 2단계 : 소비자불만 처리내용을 관리하지만 DB화하지 않는 경우(통계자료로서 활용 불가) - 3단계 :… | AA29: 고객만족 대응 체계 운영을 수립하여 운영하고 있습니까? | AB29: 복합입력(세부요소 수동 0~100)
A30: 77 | B30: S-노동-추가1 | C30: 추가진단항목(v2.0) | D30: 사회 | E30: 노동 | F30: 정규직 중 고졸자 비율 | G30:  대학 졸업자에 비해 취업 여건이 열악한 고등학교 졸업자에게 적절한 취업 기회를 주고 있는지 확인  정규직(무기계약직 포함) 중 고졸자 비율을 점검 | H30: ‘전자공시시스템’ 上 사업보고서, ‘조직별 홈페이지’ 上 지속가능경영보고서 | I30: 직전 회계연도 | J30: 국내 및 해외 사업장 | K30: 정규직 중 고졸자 비율 = 직전 회계연도 말 정규직 중 고졸자 수 / 직전 회계연도 말 총 정규직 수 | L30: 단계형 | M30: 5 | N30: 단계형: 1단계=0점 / 2단계=25점 / 3단계=50점 / 4단계=75점 / 5단계=100점 | O30: - 1단계 : 정규직(무기계약직 포함) 중 고졸자 비율을 공시하지 않는 경우 | - 2단계 : 정규직(무기계약직 포함) 중 고졸자 비율을 공시하고 공공기관 평균 대비 고졸자 비율이 적은 경우 | (공공기관의 50% 미만) | - 3단계 : 정규직(무기계약직 포함) 중 고졸자 비율을 공시하고 공공기관 평균 대비 고졸자 비율이 적은 경우 | (공공기관의 50% 이상 ~100% 미만) | - 4단계 : 정규직(무기계약직 포함) 중 고졸자 비율을 공시하고 공공기관 평균 대비 고졸자 비율이 동일하거나 높은 경우 | (공공기관의 100% 이상 ~150% 미만) | - 5단계 : 정규직(무기계약직 포함) 중 고졸자 비율을 공시하고 공공기관 평균 대비 고졸자 비율이 높은 경우 | (공공기관의 150% 이상) | P30: GAP(대응지표 없음) | Q30: KSSB 규정 없음 | R30: GRI 405 | S30: K-ESG 가이드라인 v2.0 (추가 진단항목, 3장) | Y30: - 1단계 : 정규직(무기계약직 포함) 중 고졸자 비율을 공시하지 않는 경우 - 2단계 : 정규직(무기계약직 포함) 중 고졸자 비율을 공시하고 공공기관 평균 대비 고졸자 비율이 적은 경우 (공공기관의 50% 미만) - 3단계 : 정규직(무기계약직 포함) 중 고졸자 비율을 공시하고 공공기관 평균 대비 고졸자 비율이 적은 경우 (공공기관의 50% 이상 ~100% 미만) - 4단계 : 정규직(무기계약직 포함) 중 고졸자 비율을 공시하고 공공기관 평균 대비 고졸자 비율이 동일하거나 높은 경우 (공공기관의 100% 이상… | AA30: 정규직 중 고졸자 비율을 정량적으로 산정하여 관리·공시하고 있습니까? | AB30: 단계(1~5)
A31: 78 | B31: S-노동-추가2 | C31: 추가진단항목(v2.0) | D31: 사회 | E31: 노동 | F31: 여가친화 경영 | G31:  포용적 경영의 핵심이슈인 근로자의 ‘일과 삶의 균형’ 지원 정도를 확인  조직이 근로자가 일과 여가를 조화롭게 추구할 수 있는 여가 친화적인 환경 제공 및 여가 제도 운영 관련 여가친화경영 인증 여부 점검 | H31: <여가친화인증제도 인증 심사기준> - 근로자의 여가시간(주당 평균 근로시간, 평균 연차휴가 소진율) - 근로자의 여가 지원제도 운영 여부(근로계약 체결 시 명문화, 여가 담당자 여부, 반반차 휴가제 운영 규정, 연차휴가사용 촉진제도, 보상휴가제 운영, 특별휴가 운영, 휴가사용방식 규정) - 근로자 대상 여가활동 지원 정도(여가 공간·시설·비용 및 프로그램 지원 여부) - 여가친화적 기업문화(여가친화적 조직문화, 최고경영층 리더십, 직원 만족도 조사) - 기타 가점(지역사회공헌 등) | I31: 직전 회계연도 | J31: 국내 및 해외 사업장 | K31: N/A | L31: 단계형 | M31: 2 | N31: 단계형: 1단계=0점 / 2단계=100점 | O31: - 1단계 : 여가친화인증 미획득 | - 2단계 : 여가친화인증 획득 | P31: GAP(대응지표 없음) | Q31: KSSB 규정 없음 | R31: GRI 401 | S31: K-ESG 가이드라인 v2.0 (추가 진단항목, 3장) | Y31: - 1단계 : 여가친화인증 미획득 - 2단계 : 여가친화인증 획득 | AA31: 여가친화 경영을 수립하여 운영하고 있습니까? | AB31: 단계(1~2)
A32: 79 | B32: S-노동-추가3 | C32: 추가진단항목(v2.0) | D32: 사회 | E32: 노동 | F32: 50세 이상 비자발적 이직예정자 중 재취업지원 제공 비율 | G32:  초고령사회에 대비하여 50대 이상 준·고령층이 노동시장에서 보다 장기간 활동할 수 있도록 지원하는지 확인  사업주가 50세 이상 비자발적 이직예정자 중 진로설계, 취업알선, 취·창업 교육훈련 등 이직이후 재취업지원을 위한 서비스를 제공하는지 점검 | H32: ‘전자공시시스템’ 上 사업보고서, ‘조직별 홈페이지’ 上 지속가능경영보고서 | I32: 직전 회계연도 | J32: 국내 및 해외 사업장 | K32: 직전 회계연도 50세 이상 비자발적 이직예정자 중 서비스 제공받은 구성원 / 직전 회계연도 50세 이상 총 비자발적 이직 예정자 | L32: 단계형 | M32: 3 | N32: 단계형: 1단계=0점 / 2단계=50점 / 3단계=100점 | O32: - 1단계 : 재취업지원서비스 미제공 또는 제공 비율 감소 추세 | - 2단계 : 재취업지원서비스 제공 비율 유지 추세 | - 3단계 : 재취업지원서비스 제공 비율 증가 추세 | P32: GAP(대응지표 없음) | Q32: KSSB 규정 없음 | R32: GRI 401 | S32: K-ESG 가이드라인 v2.0 (추가 진단항목, 3장) | Y32: - 1단계 : 재취업지원서비스 미제공 또는 제공 비율 감소 추세 - 2단계 : 재취업지원서비스 제공 비율 유지 추세 - 3단계 : 재취업지원서비스 제공 비율 증가 추세 | AA32: 50세 이상 비자발적 이직예정자 중 재취업지원 제공 비율을 정량적으로 산정하여 관리·공시하고 있습니까? | AB32: 단계(1~3)
A33: 80 | B33: S-정보보호-추가1 | C33: 추가진단항목(v2.0) | D33: 사회 | E33: 정보보호 | F33: 개인정보보호를 위한 자율적 노력 및 활동 | G33:  조직이 정보주체의 개인정보 자기결정권 보장을 위해서 법적 준수사항 외 자율적으로 개인정보보호를 위해 수행하는 활동 및 노력을 확인 | H33: 개인정보보호 관련 활동 현황 (사업보고서, 홈페이지, 지속가능성보고서 등) | I33: 최근 회계연도 | J33: 국내 사업장 | K33: N/A | L33: 복합가중형 | N33: 복합가중형: 2~3개 세부요소를 균등가중평균(예: 1/2+1/2, 1/3×3) — 세부 배점은 점검기준 상세 참조, 자사취득점수는 수동 산정 | O33: 아래 항목의 공시 여부에 따라 단계 구분 | ① 개인정보 처리방침을 기호(라벨링) 등을 통해 이해하기 쉽게 작성하여 공개하고 있는지 여부 | ② ISMS-P 인증 획득 여부 | ③ 영향평가 수행 여부 | ④ 개인정보 자율규제단체 활동 여부 | ⑤ 투명성보고서 발간 여부 | 1단계 : 공시 없음 | 2단계 : 위 사항 중 1개 이상 활동사항 공시 | 3단계 : 위 사항 중 3개 이상 활동사항 공시 | 측정구분 배점 | 1단계 0점 | 2단계 50점 | 3단계 100점 | P33: GAP(대응지표 없음) | Q33: KSSB 규정 없음 | R33: GRI 418-1, ISMS-P | S33: K-ESG 가이드라인 v2.0 (추가 진단항목, 3장) | T33: 해당없음(복합가중형) | Y33: 아래 항목의 공시 여부에 따라 단계 구분 ① 개인정보 처리방침을 기호(라벨링) 등을 통해 이해하기 쉽게 작성하여 공개하고 있는지 여부 ② ISMS-P 인증 획득 여부 ③ 영향평가 수행 여부 ④ 개인정보 자율규제단체 활동 여부 ⑤ 투명성보고서 발간 여부 1단계 : 공시 없음 2단계 : 위 사항 중 1개 이상 활동사항 공시 3단계 : 위 사항 중 3개 이상 활동사항 공시 측정구분 배점 1단계 0점 2단계 50점 3단계 100점 | AA33: 개인정보보호를 위한 자율적 노력 및 활동을 계획적으로 수행하고 성과를 관리하고 있습니까? | AB33: 복합입력(세부요소 수동 0~100)
A34: 81 | B34: S-지역사회-추가1 | C34: 추가진단항목(v2.0) | D34: 사회 | E34: 지역사회 | F34: 농어촌지역 상생협력 및 균형발전 | G34:  조직이 농어촌지역 간 상생협력을 통해 농어업인의 삶의 질 향상 및 농어촌 지역사회의 발전에 기여하는 수준을 확인 | H34: 농어촌 상생협력기금 출연협약 체결 여부, 지출에 대한 공시 여부, 연도별 매출액 대비 상생협력기금 출연액 증감 여부(사업보고서, 홈페이지, 지속가능성보고서 등) | I34: 최근 4개년 (회계연도 기준) | J34: 국내 사업장 | K34: N/A | L34: 복합가중형 | N34: 복합가중형: 2~3개 세부요소를 균등가중평균(예: 1/2+1/2, 1/3×3) — 세부 배점은 점검기준 상세 참조, 자사취득점수는 수동 산정 | O34: 기업의 수준은 (농어촌 상생협력기금 출연협약 체결 여부) + (연도별 매출액 대비 상생협력기금 출연액 증감 여부)의 합산으로 | 측정함 | 측정 기준 구분 배점 | 농어촌상생협력기금 체결하지 않음 0점 | 출연협약 체결 여부 체결함 20점 | 1단계 20점 | 농어촌상생협력기금 2단계 40점 | 지출액 3단계 60점 | 4단계 80점 | - 1단계 : 과거 4년간 매출액 대비 농어촌 상생협력기금 출연액이 감소하는 경우 | - 2단계 : 과거 4년간 매출액 대비 농어촌 상생협력기금 출연액이 유지하는 경우 | - 3단계 : 과거 4년간 매출액 대비 농어촌 상생협력기금 출연액이 증가하는 경우 | - 4단계 : 과거 4년간 매출액 대비 농어촌 상생협력기금 출연액이 증가하면서, 아래 열거된 출연액 용도 중 2개 이상의 용도에 | 출연액을 중복해서 지원하는 경우 | · 출연액 용도 : ① 교육·장학 ② 복지 증진 ③ 농어촌 지역개발 ④ 공동 협력 사업 | * 3개년 이하 데이터 보유 시 해당 데이터로 추세 산정 | P34: GAP(대응지표 없음) | Q34: KSSB 규정 없음 | R34: K-ESG 고유 | S34: K-ESG 가이드라인 v2.0 (추가 진단항목, 3장) | T34: 해당없음(복합가중형) | Y34: 기업의 수준은 (농어촌 상생협력기금 출연협약 체결 여부) + (연도별 매출액 대비 상생협력기금 출연액 증감 여부)의 합산으로 측정함 측정 기준 구분 배점 농어촌상생협력기금 체결하지 않음 0점 출연협약 체결 여부 체결함 20점 1단계 20점 농어촌상생협력기금 2단계 40점 지출액 3단계 60점 4단계 80점 - 1단계 : 과거 4년간 매출액 대비 농어촌 상생협력기금 출연액이 감소하는 경우 - 2단계 : 과거 4년간 매출액 대비 농어촌 상생협력기금 출연액이 유지하는 경우 - 3단계 : 과거 4년간 매출액 대비… | AA34: 농어촌지역 상생협력 및 균형발전에 대한 현황을 관리·공시하고 있습니까? | AB34: 복합입력(세부요소 수동 0~100)
A35: 82 | B35: S-지역사회-추가2 | C35: 추가진단항목(v2.0) | D35: 사회 | E35: 지역사회 | F35: 산학협력 활성화 기여 | G35:  조직이 대학과의 산학협력을 위해 얼마나 자원을 투입하고 있는지를 확인 * 산학협력이란 산업교육기관과 국가·지방자치단체·정부출연기관 및 산업체 등이 상호협력하여 산업체의 수요와 미래의 산업 발전에 부응하는 인력을 양성하고 새로운 지식, 기술의 창출 및 확산을 위해 연구·개발하며, 산업체 등으로의 기술 이전 및 산업 자문 등의 활동을 의미함(산업교육진흥 및 산학협력촉진에 관한 법률 제2조 제5호). | H35: 산학협력 활동 공시 여부, 산학협력 마일리지 점수(매출액 대비) (사업보고서, 산학협력 마일리지 홈페이지(www.muic.or.kr) 등) | I35: 최근 4개년 (회계연도 기준) | J35: 국내 사업장 및 국내 소재 대학 | K35: N/A | L35: 단계형 | M35: 5 | N35: 단계형: 1단계=0점 / 2단계=25점 / 3단계=50점 / 4단계=75점 / 5단계=100점 | O35: 1단계 | 산학협력 활동에 관한 정보공시가 없는 경우 | 2단계 | 산학협력 활동 내용은 공시하나 ‘산학협력 마일리지’ 점수에 대한 정보공시가 없는 경우 | 3단계 | 산학협력 활동 내용, 마일리지 점수에 대한 정보공시가 있으나, 최근 4개년 매출액 대비 마일리지 점수 변동을 알 수 없거나 감소 | 추세인 경우 | 4단계 | 산학협력 활동 내용, 마일리지 점수에 대한 정보를 공시하며, 최근 4개년 매출액 대비 마일리지 점수가 유지되는 경우 | 5단계 | 산학협력 활동 내용, 마일리지 점수에 대한 정보를 공시하며, 최근 4개년 매출액 대비 마일리지 점수가 증가 추세인 경우 | * 3개년 이하 데이터 보유 시 해당 데이터로 추세 산정 | P35: GAP(대응지표 없음) | Q35: KSSB 규정 없음 | R35: K-ESG 고유 | S35: K-ESG 가이드라인 v2.0 (추가 진단항목, 3장) | Y35: 1단계 산학협력 활동에 관한 정보공시가 없는 경우 2단계 산학협력 활동 내용은 공시하나 ‘산학협력 마일리지’ 점수에 대한 정보공시가 없는 경우 3단계 산학협력 활동 내용, 마일리지 점수에 대한 정보공시가 있으나, 최근 4개년 매출액 대비 마일리지 점수 변동을 알 수 없거나 감소 추세인 경우 4단계 산학협력 활동 내용, 마일리지 점수에 대한 정보를 공시하며, 최근 4개년 매출액 대비 마일리지 점수가 유지되는 경우 5단계 산학협력 활동 내용, 마일리지 점수에 대한 정보를 공시하며, 최근 4개년 매출액 대비 마일리지… | AA35: 산학협력 활성화 기여를 계획적으로 수행하고 성과를 관리하고 있습니까? | AB35: 단계(1~5)
A36: 83 | B36: S-지역사회-추가3 | C36: 추가진단항목(v2.0) | D36: 사회 | E36: 지역사회 | F36: 미래세대 성장 및 교육 기여 | G36:  조직이 미래세대의 성장과 교육에 기여하는 수준을 확인 * 기업은 지역사회의 주된 구성원이자 미래세대인 아동과 청년을 위해 각종 교육활동 운영, 현장실습(인턴십) 및 진로체험 기회 제공, 교육기부, 장학금 지원, 역량개발 지원 활동을 추진 | H36: 미래세대 성장 및 교육 기여 활동 지출액, 수혜인원 및 지원 기간(매출액 대비) (사업보고서, 지속가능성보고서, 홈페이지 등) | I36: 최근 4개년 (회계연도 기준) | J36: 국내 사업장 및 국내 소재 대학 | K36: N/A | L36: 단계형 | M36: 5 | N36: 단계형: 1단계=0점 / 2단계=25점 / 3단계=50점 / 4단계=75점 / 5단계=100점 | O36: 1단계 | 미래세대 성장 및 교육 기여 활동에 관한 정보공시가 없는 경우 | 2단계 | 미래세대 성장 및 교육 기여 활동 내용은 공시하나 지출액이나 수혜인원에 대한 정보공시가 없는 경우 | 3단계 | 미래세대 성장 및 교육 기여 활동 내용, 지출액, 수혜규모에 대한 정보공시가 있으나, 최근 4년간 매출액 증감폭 대비 | 미래세대 성장 기여 활동 지출액 또는 수혜규모 변동을 알 수 없거나 감소 추세인 경우 | 4단계 | 미래세대 성장 및 교육 기여 활동 내용, 지출액, 수혜규모에 대한 정보를 공시하며, 최근 4년간 매출액 증감폭 대비 | 미래세대 성장 기여 활동 지출액 또는 수혜규모가 유지되고 있는 경우 | 5단계 | 미래세대 성장 및 교육 기여 활동 내용, 지출액, 수혜규모에 대한 정보를 공시하며, 최근 4년간 매출액 증감폭 대비 | 미래세대 성장 기여 활동 지출액 또는 수혜규모가 증가 추세인 경우 | * 3개년 이하 데이터 보유 시 해당 데이터로 추세 산정 | P36: GAP(대응지표 없음) | Q36: KSSB 규정 없음 | R36: K-ESG 고유 | S36: K-ESG 가이드라인 v2.0 (추가 진단항목, 3장) | Y36: 1단계 미래세대 성장 및 교육 기여 활동에 관한 정보공시가 없는 경우 2단계 미래세대 성장 및 교육 기여 활동 내용은 공시하나 지출액이나 수혜인원에 대한 정보공시가 없는 경우 3단계 미래세대 성장 및 교육 기여 활동 내용, 지출액, 수혜규모에 대한 정보공시가 있으나, 최근 4년간 매출액 증감폭 대비 미래세대 성장 기여 활동 지출액 또는 수혜규모 변동을 알 수 없거나 감소 추세인 경우 4단계 미래세대 성장 및 교육 기여 활동 내용, 지출액, 수혜규모에 대한 정보를 공시하며, 최근 4년간 매출액 증감폭 대비 미래세대… | AA36: 미래세대 성장 및 교육 기여를 계획적으로 수행하고 성과를 관리하고 있습니까? | AB36: 단계(1~5)

Sheet 02_점수산정참고표
A1: [분리본: S(사회)] 원본 02시트를 분류코드 기준으로 재분류한 파일입니다.
A2: 분류코드 | B2: 진단항목명 | C2: 단계번호 | D2: 단계라벨 | E2: 배점 | F2: 단계별 판단기준(K-ESG v2.0 원문)
A3: S-1-1 | B3: 목표 수립 및 공시 | C3: 1 | D3: 1단계 | E3: 0 | F3: 단기/중장기 성과목표 또는 조직의 사회 분야 추진 방향성을 나타내는 사회분야 경영 미션/비전/지향점이 없는 경우
A4: S-1-1 | B4: 목표 수립 및 공시 | C4: 2 | D4: 2단계 | E4: 25 | F4: 단기/중장기 성과목표는 수립되지 않았으나, 조직의 사회 분야 추진 방향성을 나타내는 사회분야 미션/비전/지향점을 제시하고 있는 경우
A5: S-1-1 | B5: 목표 수립 및 공시 | C5: 3 | D5: 3단계 | E5: 50 | F5: 조직의 사회분야 핵심이슈에 대한 단기 목표를 설정하고 있는 경우
A6: S-1-1 | B6: 목표 수립 및 공시 | C6: 4 | D6: 4단계 | E6: 75 | F6: 조직의 사회분야 핵심이슈에 대한 중장기 목표를 설정하고 있으나, 모든 중장기 목표가 정성적 형태로 되어 있는 경우
A7: S-1-1 | B7: 목표 수립 및 공시 | C7: 5 | D7: 5단계 | E7: 100 | F7: 조직의 사회분야 핵심이슈에 대한 중장기 목표를 설정하고 있으며, 중장기 목표에는 정성 外 정량적 목표를 포함하고 있는 경우
A8: S-2-2 | B8: 정규직 비율 | C8: 1 | D8: 1단계 | E8: 0 | F8: 최근 4개년 간 정규직 비율 데이터가 관리되지 않는 경우
A9: S-2-2 | B9: 정규직 비율 | C9: 2 | D9: 2단계 | E9: 25 | F9: 조직의 정규직 비율이 40%인 이하인 경우
A10: S-2-2 | B10: 정규직 비율 | C10: 3 | D10: 3단계 | E10: 50 | F10: 조직의 정규직 비율이 40% 초과 60% 이하인 경우
A11: S-2-2 | B11: 정규직 비율 | C11: 4 | D11: 4단계 | E11: 75 | F11: 조직의 정규직 비율이 60% 초과 80% 이하인 경우
A12: S-2-2 | B12: 정규직 비율 | C12: 5 | D12: 5단계 | E12: 100 | F12: 조직의 정규직 비율이 80%를 초과하는 경우 * 3개년 이하 데이터 보유 시 해당 데이터로 추세 산정
A13: S-2-3 | B13: 자발적 이직률 | C13: 1 | D13: 1단계 | E13: 0 | F13: 지난 4개년 자발적 이직률이 증가 추세
A14: S-2-3 | B14: 자발적 이직률 | C14: 2 | D14: 2단계 | E14: 50 | F14: 지난 4개년 자발적 이직률이 변동 없음
... A119: S-6-3 | B119: 협력사 ESG 협약사항 | C119: 5 | D119: 요건5 | E119: 100 | F119: 협력사의 ESG 추진에 필요한 설비/장치 도입 지원 협약 체결

Sheet 04_KSSB갭분석
B2: KSSB 대비 GAP 분석 (분리본: S(사회))
B3: KSSB(한국지속가능성기준위원회) 지속가능성 공시기준서 제1호(일반요구사항)·제2호(기후) 대비 K-ESG 가이드라인 v2.0의 대응 현황
B4: ※ 「ESG_핵심지표_채점기준표_전체」 01시트를 S(사회) 기준으로 재분류한 파일입니다. 아래 표는 01시트 입력값에 실시간 연동되는 수식입니다 (반도체특화문항은 영역과 무관하게 G 파일에 포함).
B6: 영역 | C6: 완전대응 | D6: 부분대응 | E6: GAP(대응지표 없음) | F6: 항목수 합계 | G6: 완전대응율
B7: 사회(S) | C7: =COUNTIFS('01_ESG통합진단마스터'!$P$3:$P$36,"완전대응") | D7: =COUNTIFS('01_ESG통합진단마스터'!$P$3:$P$36,"부분대응") | E7: =COUNTIFS('01_ESG통합진단마스터'!$P$3:$P$36,"GAP(대응지표 없음)") | F7: =C7+D7+E7 | G7: =IFERROR(C7/F7,0)
B8: 전체(S(사회)) | C8: =SUM(C7:C7) | D8: =SUM(D7:D7) | E8: =SUM(E7:E7) | F8: =SUM(F7:F7) | G8: =IFERROR(C8/F8,0)

Sheet 05_요약대시보드
B2: ESG 통합진단 요약 대시보드 (분리본: S(사회))
B3: 01_ESG통합진단마스터 시트의 입력값에 실시간 연동되는 수식입니다 (해당 시트에 점수를 입력하면 아래 표가 자동 갱신됩니다)
B5: 1. 진단 완료 현황
B6: 전체 진단항목 수 | C6: =COUNTA('01_ESG통합진단마스터'!$B$3:$B$36)
B7: 점수 입력 완료 항목 수 | C7: =COUNT('01_ESG통합진단마스터'!$X$3:$X$36)
B8: 입력 완료율 | C8: =IFERROR(C7/C6,0)
B10: 2. 영역별 평균 점수 (S(사회) 기준, 동일가중 단순평균 — 각 항목 100점 기준)
B11: 영역 | C11: 항목 수 | D11: 점수입력 완료수 | E11: 평균점수(100점 환산) | F11: 완전대응(KSSB) | G11: GAP(KSSB)
B12: 사회(S) | C12: =COUNTIFS('01_ESG통합진단마스터'!$D$3:$D$36,"사회") | D12: =SUMPRODUCT(('01_ESG통합진단마스터'!$D$3:$D$36="사회")*ISNUMBER('01_ESG통합진단마스터'!$X$3:$X$36)) | E12: =IFERROR(AVERAGEIFS('01_ESG통합진단마스터'!$X$3:$X$36,'01_ESG통합진단마스터'!$D$3:$D$36,"사회"),"미입력") | F12: =COUNTIFS('01_ESG통합진단마스터'!$D$3:$D$36,"사회",'01_ESG통합진단마스터'!$P$3:$P$36,"완전대응") | G12: =COUNTIFS('01_ESG통합진단마스터'!$D$3:$D$36,"사회",'01_ESG통합진단마스터'!$P$3:$P$36,"GAP(대응지표 없음)")
B13: 전체(종합) | C13: =SUM(C12:C12) | D13: =SUM(D12:D12) | E13: =IFERROR(AVERAGE('01_ESG통합진단마스터'!$X$3:$X$36),"미입력") | F13: =SUM(F12:F12) | G13: =SUM(G12:G12)
B16: 3. 적용구분별 항목 수 (기본/추가/업종특화)
B17: 적용구분 | C17: 항목 수 | D17: 점수입력 완료수 | E17: 평균점수
B18: 기본진단항목(v2.0) | C18: =COUNTIF('01_ESG통합진단마스터'!$C$3:$C$36,"기본진단항목(v2.0)") | D18: =SUMPRODUCT(('01_ESG통합진단마스터'!$C$3:$C$36="기본진단항목(v2.0)")*ISNUMBER('01_ESG통합진단마스터'!$X$3:$X$36)) | E18: =IFERROR(AVERAGEIFS('01_ESG통합진단마스터'!$X$3:$X$36,'01_ESG통합진단마스터'!$C$3:$C$36,"기본진단항목(v2.0)"),"미입력")
B19: 추가진단항목(v2.0) | C19: =COUNTIF('01_ESG통합진단마스터'!$C$3:$C$36,"추가진단항목(v2.0)") | D19: =SUMPRODUCT(('01_ESG통합진단마스터'!$C$3:$C$36="추가진단항목(v2.0)")*ISNUMBER('01_ESG통합진단마스터'!$X$3:$X$36)) | E19: =IFERROR(AVERAGEIFS('01_ESG통합진단마스터'!$X$3:$X$36,'01_ESG통합진단마스터'!$C$3:$C$36,"추가진단항목(v2.0)"),"미입력")
B20: 업종특화(반도체 v1.0) | C20: =COUNTIF('01_ESG통합진단마스터'!$C$3:$C$36,"업종특화(반도체 v1.0)") | D20: =SUMPRODUCT(('01_ESG통합진단마스터'!$C$3:$C$36="업종특화(반도체 v1.0)")*ISNUMBER('01_ESG통합진단마스터'!$X$3:$X$36)) | E20: =IFERROR(AVERAGEIFS('01_ESG통합진단마스터'!$X$3:$X$36,'01_ESG통합진단마스터'!$C$3:$C$36,"업종특화(반도체 v1.0)"),"미입력")
B23: 4. 참고
B24: 평균점수는 각 영역 내 모든 항목에 동일 가중치(1/N)를 부여한 단순평균이며, 점수 미입력 항목은 제외하고 계산합니다.
B25: 본 파일은 「ESG_핵심지표_채점기준표_전체」에서 S(사회) 기준으로 분리된 작업본입니다.
